source_mat_id_orig,samp_description,tax_id,scientific_name,investigation_type,env_material,collection_date,sampling_event,sampl_person,sampl_person_orcid,tidal_stage,noteworthy_env_cond,depth,replicate,samp_size_vol,time_fi,size_frac,size_frac_low,size_frac_up,membr_cut,samp_collect_device,samp_mat_process,samp_mat_process_dev,samp_store_date,samp_store_loc,samp_store_temp,store_person,store_person_orcid,other_person,other_person_orcid,long_store,ship_date,arr_date_hq,store_temp_hq,ship_date_seq,arr_date_seq,failure,failure_comment,ENA_accession_number_sample,source_mat_id
EMO BON ESC68N Wa 210830 3um 1,EMOBON metagenome water sample from station ESC68N collected on 2021-08-30 size fraction 3-200um,1874687,marine plankton metagenome,metagenome,seawater [ENVO:00002149]; coastal sea water [ENVO:00002150]; surface water [ENVO:00002042],2021-08-30 00:00:00,ESC68N_Wa_210830,Kristel Berg,NA,no_tide,,2,1,10,fi,3-200,3,200,Y,Niskin,WaSOP1,NA,2021-08-30 00:00:00,eDNA freezer bag,-80,Kristel Berg,NA,NA,NA,N,2021-10-08 00:00:00,2021-10-14 00:00:00,-70,2021-11-24 00:00:00,2021-11-24 00:00:00,F,NA,NA,EMOBON_ESC68N_Wa_1
EMO BON ESC68N Wa 210830 3um 2,EMOBON metagenome water sample from station ESC68N collected on 2021-08-30 size fraction 3-200um,1874687,marine plankton metagenome,metagenome,seawater [ENVO:00002149]; coastal sea water [ENVO:00002150]; surface water [ENVO:00002042],2021-08-30 00:00:00,ESC68N_Wa_210830,Kristel Berg,NA,no_tide,,2,2,10,fi,3-200,3,200,Y,Niskin,WaSOP1,NA,2021-08-30 00:00:00,eDNA freezer bag,-80,Kristel Berg,NA,NA,NA,N,2021-10-08 00:00:00,2021-10-14 00:00:00,-70,2021-11-24 00:00:00,2021-11-24 00:00:00,F,NA,NA,EMOBON_ESC68N_Wa_2
EMO BON ESC68N Wa 210830 0.2um 1,EMOBON metagenome water sample from station ESC68N collected on 2021-08-30 size fraction 0.2-3um,1874687,marine plankton metagenome,metagenome,seawater [ENVO:00002149]; coastal sea water [ENVO:00002150]; surface water [ENVO:00002042],2021-08-30 00:00:00,ESC68N_Wa_210830,Kristel Berg,NA,no_tide,,2,1,10,fi,0.2-3,0.2,3,Y,Niskin,WaSOP1,NA,2021-08-30 00:00:00,eDNA freezer bag,-80,Kristel Berg,NA,NA,NA,N,2021-10-08 00:00:00,2021-10-14 00:00:00,-70,2021-11-24 00:00:00,2021-11-24 00:00:00,F,NA,NA,EMOBON_ESC68N_Wa_3
EMO BON ESC68N Wa 210830 0.2um 2,EMOBON metagenome water sample from station ESC68N collected on 2021-08-30 size fraction 0.2-3um,1874687,marine plankton metagenome,metagenome,seawater [ENVO:00002149]; coastal sea water [ENVO:00002150]; surface water [ENVO:00002042],2021-08-30 00:00:00,ESC68N_Wa_210830,Kristel Berg,NA,no_tide,,2,2,10,fi,0.2-3,0.2,3,Y,Niskin,WaSOP1,NA,2021-08-30 00:00:00,eDNA freezer bag,-80,Kristel Berg,NA,NA,NA,N,2021-10-08 00:00:00,2021-10-14 00:00:00,-70,2021-11-24 00:00:00,2021-11-24 00:00:00,F,NA,NA,EMOBON_ESC68N_Wa_4
EMO BON ESC68N Wa 210830 3um 3,EMOBON metagenome water sample from station ESC68N collected on 2021-08-30 size fraction 3-200um,1874687,marine plankton metagenome,metagenome,seawater [ENVO:00002149]; coastal sea water [ENVO:00002150]; surface water [ENVO:00002042],2021-08-30 00:00:00,ESC68N_Wa_210830,Kristel Berg,NA,no_tide,,2,3,10,fi,3-200,3,200,Y,Niskin,WaSOP1,NA,2021-08-30 00:00:00,eDNA freezer bag,-80,Kristel Berg,NA,NA,NA,Y,NA,NA,NA,NA,NA,NA,NA,NA,EMOBON_ESC68N_Wa_5
EMO BON ESC68N Wa 210830 3um 4,EMOBON metagenome water sample from station ESC68N collected on 2021-08-30 size fraction 3-200um,1874687,marine plankton metagenome,metagenome,seawater [ENVO:00002149]; coastal sea water [ENVO:00002150]; surface water [ENVO:00002042],2021-08-30 00:00:00,ESC68N_Wa_210830,Kristel Berg,NA,no_tide,,2,4,10,fi,3-200,3,200,Y,Niskin,WaSOP1,NA,2021-08-30 00:00:00,eDNA freezer bag,-80,Kristel Berg,NA,NA,NA,Y,NA,NA,NA,NA,NA,NA,NA,NA,EMOBON_ESC68N_Wa_6
EMO BON ESC68N Wa 210830 0.2um 3,EMOBON metagenome water sample from station ESC68N collected on 2021-08-30 size fraction 0.2-3um,1874687,marine plankton metagenome,metagenome,seawater [ENVO:00002149]; coastal sea water [ENVO:00002150]; surface water [ENVO:00002042],2021-08-30 00:00:00,ESC68N_Wa_210830,Kristel Berg,NA,no_tide,,2,3,10,fi,0.2-3,0.2,3,Y,Niskin,WaSOP1,NA,2021-08-30 00:00:00,eDNA freezer bag,-80,Kristel Berg,NA,NA,NA,Y,NA,NA,NA,NA,NA,NA,NA,NA,EMOBON_ESC68N_Wa_7
EMO BON ESC68N Wa 210830 0.2um 4,EMOBON metagenome water sample from station ESC68N collected on 2021-08-30 size fraction 0.2-3um,1874687,marine plankton metagenome,metagenome,seawater [ENVO:00002149]; coastal sea water [ENVO:00002150]; surface water [ENVO:00002042],2021-08-30 00:00:00,ESC68N_Wa_210830,Kristel Berg,NA,no_tide,,2,4,10,fi,0.2-3,0.2,3,Y,Niskin,WaSOP1,NA,2021-08-30 00:00:00,eDNA freezer bag,-80,Kristel Berg,NA,NA,NA,Y,NA,NA,NA,NA,NA,NA,NA,NA,EMOBON_ESC68N_Wa_8
EMO BON ESC68N Wa 210830 3um blank,EMOBON metagenome water sample from station ESC68N collected on 2021-08-30 size fraction 3-200um,256318,metagenome,metagenome,seawater [ENVO:00002149]; coastal sea water [ENVO:00002150]; surface water [ENVO:00002042],2021-08-30 00:00:00,ESC68N_Wa_210830,Kristel Berg,NA,no_tide,,2,blank_1,10,fi,3-200,3,200,Y,Niskin,WaSOP1,NA,2021-08-30 00:00:00,eDNA freezer bag,-80,Kristel Berg,NA,NA,NA,Y,NA,NA,NA,NA,NA,NA,NA,NA,EMOBON_ESC68N_Wa_9
EMO BON ESC68N Wa 210830 0.2um blank,EMOBON metagenome water sample from station ESC68N collected on 2021-08-30 size fraction 0.2-3um,256318,metagenome,metagenome,seawater [ENVO:00002149]; coastal sea water [ENVO:00002150]; surface water [ENVO:00002042],2021-08-30 00:00:00,ESC68N_Wa_210830,Kristel Berg,NA,no_tide,,2,blank_1,10,fi,0.2-3,0.2,3,Y,Niskin,WaSOP1,NA,2021-08-30 00:00:00,eDNA freezer bag,-80,Kristel Berg,NA,NA,NA,Y,NA,NA,NA,NA,NA,NA,NA,NA,EMOBON_ESC68N_Wa_10
EMO BON ESC68N Wa 211104 3um 1,EMOBON metagenome water sample from station ESC68N collected on 2021-11-04 size fraction 3-200um,1874687,marine plankton metagenome,metagenome,seawater [ENVO:00002149]; coastal sea water [ENVO:00002150]; surface water [ENVO:00002042],2021-11-04 00:00:00,ESC68N_Wa_211104,Kristel Berg,NA,no_tide,,2,1,10,fi,3-200,3,200,Y,Niskin,WaSOP1,NA,2021-11-05 00:00:00,eDNA freezer bag,-80,Kristel Berg,NA,NA,NA,N,2022-01-17 00:00:00,2022-01-22 00:00:00,-70,2022-02-22 00:00:00,2022-02-23 00:00:00,F,NA,NA,EMOBON_ESC68N_Wa_11
EMO BON ESC68N Wa 211104 3um 2,EMOBON metagenome water sample from station ESC68N collected on 2021-11-04 size fraction 3-200um,1874687,marine plankton metagenome,metagenome,seawater [ENVO:00002149]; coastal sea water [ENVO:00002150]; surface water [ENVO:00002042],2021-11-04 00:00:00,ESC68N_Wa_211104,Kristel Berg,NA,no_tide,,2,2,10,fi,3-200,3,200,Y,Niskin,WaSOP1,NA,2021-11-05 00:00:00,eDNA freezer bag,-80,Kristel Berg,NA,NA,NA,N,2022-01-17 00:00:00,2022-01-22 00:00:00,-70,2022-02-22 00:00:00,2022-02-23 00:00:00,T,low yields; seq library prep failed twice,NA,EMOBON_ESC68N_Wa_12
EMO BON ESC68N Wa 211104 0.2um 1,EMOBON metagenome water sample from station ESC68N collected on 2021-11-04 size fraction 0.2-3um,1874687,marine plankton metagenome,metagenome,seawater [ENVO:00002149]; coastal sea water [ENVO:00002150]; surface water [ENVO:00002042],2021-11-04 00:00:00,ESC68N_Wa_211104,Kristel Berg,NA,no_tide,,2,1,10,fi,0.2-3,0.2,3,Y,Niskin,WaSOP1,NA,2021-11-05 00:00:00,eDNA freezer bag,-80,Kristel Berg,NA,NA,NA,N,2022-01-17 00:00:00,2022-01-22 00:00:00,-70,2022-02-22 00:00:00,2022-02-23 00:00:00,T,non-quantifiable DNA after extraction,NA,EMOBON_ESC68N_Wa_13
EMO BON ESC68N Wa 211104 0.2um 2,EMOBON metagenome water sample from station ESC68N collected on 2021-11-04 size fraction 0.2-3um,1874687,marine plankton metagenome,metagenome,seawater [ENVO:00002149]; coastal sea water [ENVO:00002150]; surface water [ENVO:00002042],2021-11-04 00:00:00,ESC68N_Wa_211104,Kristel Berg,NA,no_tide,,2,2,10,fi,0.2-3,0.2,3,Y,Niskin,WaSOP1,NA,2021-11-05 00:00:00,eDNA freezer bag,-80,Kristel Berg,NA,NA,NA,N,2022-01-17 00:00:00,2022-01-22 00:00:00,-70,2022-02-22 00:00:00,2022-02-23 00:00:00,F,NA,NA,EMOBON_ESC68N_Wa_14
EMO BON ESC68N Wa 211104 3um 3,EMOBON metagenome water sample from station ESC68N collected on 2021-08-30 size fraction 3-200um,1874687,marine plankton metagenome,metagenome,seawater [ENVO:00002149]; coastal sea water [ENVO:00002150]; surface water [ENVO:00002042],2021-08-30 00:00:00,ESC68N_Wa_210830,Kristel Berg,NA,no_tide,,2,3,10,fi,3-200,3,200,Y,Niskin,WaSOP1,NA,2021-11-05 00:00:00,eDNA freezer bag,-80,Kristel Berg,NA,NA,NA,Y,NA,NA,NA,NA,NA,NA,NA,NA,EMOBON_ESC68N_Wa_15
EMO BON ESC68N Wa 211104 3um 4,EMOBON metagenome water sample from station ESC68N collected on 2021-08-30 size fraction 3-200um,1874687,marine plankton metagenome,metagenome,seawater [ENVO:00002149]; coastal sea water [ENVO:00002150]; surface water [ENVO:00002042],2021-08-30 00:00:00,ESC68N_Wa_210830,Kristel Berg,NA,no_tide,,2,4,10,fi,3-200,3,200,Y,Niskin,WaSOP1,NA,2021-11-05 00:00:00,eDNA freezer bag,-80,Kristel Berg,NA,NA,NA,Y,NA,NA,NA,NA,NA,NA,NA,NA,EMOBON_ESC68N_Wa_16
EMO BON ESC68N Wa 211104 0.2um 3,EMOBON metagenome water sample from station ESC68N collected on 2021-08-30 size fraction 0.2-3um,1874687,marine plankton metagenome,metagenome,seawater [ENVO:00002149]; coastal sea water [ENVO:00002150]; surface water [ENVO:00002042],2021-08-30 00:00:00,ESC68N_Wa_210830,Kristel Berg,NA,no_tide,,2,3,10,fi,0.2-3,0.2,3,Y,Niskin,WaSOP1,NA,2021-11-05 00:00:00,eDNA freezer bag,-80,Kristel Berg,NA,NA,NA,Y,NA,NA,NA,NA,NA,NA,NA,NA,EMOBON_ESC68N_Wa_17
EMO BON ESC68N Wa 211104 0.2um 4,EMOBON metagenome water sample from station ESC68N collected on 2021-08-30 size fraction 0.2-3um,1874687,marine plankton metagenome,metagenome,seawater [ENVO:00002149]; coastal sea water [ENVO:00002150]; surface water [ENVO:00002042],2021-08-30 00:00:00,ESC68N_Wa_210830,Kristel Berg,NA,no_tide,,2,4,10,fi,0.2-3,0.2,3,Y,Niskin,WaSOP1,NA,2021-11-05 00:00:00,eDNA freezer bag,-80,Kristel Berg,NA,NA,NA,Y,NA,NA,NA,NA,NA,NA,NA,NA,EMOBON_ESC68N_Wa_18
EMO BON ESC68N Wa 211104 3um blank,EMOBON metagenome water sample from station ESC68N collected on 2021-11-04 size fraction 3-200um,256318,metagenome,metagenome,seawater [ENVO:00002149]; coastal sea water [ENVO:00002150]; surface water [ENVO:00002042],2021-11-04 00:00:00,ESC68N_Wa_211104,Kristel Berg,NA,no_tide,,2,blank_1,10,fi,3-200,3,200,Y,Niskin,WaSOP1,NA,2021-11-05 00:00:00,eDNA freezer bag,-80,Kristel Berg,NA,NA,NA,N,2022-01-17 00:00:00,2022-01-22 00:00:00,-70,2022-02-22 00:00:00,2022-02-23 00:00:00,T,blank; non-quantifiable DNA after extraction,NA,EMOBON_ESC68N_Wa_19
EMO BON ESC68N Wa 211104 0.2um blank,EMOBON metagenome water sample from station ESC68N collected on 2021-11-04 size fraction 0.2-3um,256318,metagenome,metagenome,seawater [ENVO:00002149]; coastal sea water [ENVO:00002150]; surface water [ENVO:00002042],2021-11-04 00:00:00,ESC68N_Wa_211104,Kristel Berg,NA,no_tide,,2,blank_1,10,fi,0.2-3,0.2,3,Y,Niskin,WaSOP1,NA,2021-11-05 00:00:00,eDNA freezer bag,-80,Kristel Berg,NA,NA,NA,N,2022-01-17 00:00:00,2022-01-22 00:00:00,-70,2022-02-22 00:00:00,2022-02-23 00:00:00,T,blank; non-quantifiable DNA after extraction,NA,EMOBON_ESC68N_Wa_20
EMO BON ESC68N Wa 211215 3um 1,EMOBON metagenome water sample from station ESC68N collected on 2021-12-15 size fraction 3-200um,1874687,marine plankton metagenome,metagenome,seawater [ENVO:00002149]; coastal sea water [ENVO:00002150]; surface water [ENVO:00002042],2021-12-15 00:00:00,ESC68N_Wa_211215,Kristel Berg,NA,no_tide,,2,1,10,fi,3-200,3,200,Y,Niskin,WaSOP1,NA,2021-12-15 00:00:00,eDNA freezer bag,-80,Kristel Berg,NA,NA,NA,N,2022-01-17 00:00:00,2022-01-22 00:00:00,-70,2022-02-22 00:00:00,2022-02-23 00:00:00,T,non-quantifiable DNA after extraction,NA,EMOBON_ESC68N_Wa_21
EMO BON ESC68N Wa 211215 3um 2,EMOBON metagenome water sample from station ESC68N collected on 2021-12-15 size fraction 3-200um,1874687,marine plankton metagenome,metagenome,seawater [ENVO:00002149]; coastal sea water [ENVO:00002150]; surface water [ENVO:00002042],2021-12-15 00:00:00,ESC68N_Wa_211215,Kristel Berg,NA,no_tide,,2,2,10,fi,3-200,3,200,Y,Niskin,WaSOP1,NA,2021-12-15 00:00:00,eDNA freezer bag,-80,Kristel Berg,NA,NA,NA,N,2022-01-17 00:00:00,2022-01-22 00:00:00,-70,2022-02-22 00:00:00,2022-02-23 00:00:00,T,non-quantifiable DNA after extraction,NA,EMOBON_ESC68N_Wa_22
EMO BON ESC68N Wa 211215 0.2um 1,EMOBON metagenome water sample from station ESC68N collected on 2021-12-15 size fraction 0.2-3um,1874687,marine plankton metagenome,metagenome,seawater [ENVO:00002149]; coastal sea water [ENVO:00002150]; surface water [ENVO:00002042],2021-12-15 00:00:00,ESC68N_Wa_211215,Kristel Berg,NA,no_tide,,2,1,10,fi,0.2-3,0.2,3,Y,Niskin,WaSOP1,NA,2021-12-15 00:00:00,eDNA freezer bag,-80,Kristel Berg,NA,NA,NA,N,2022-01-17 00:00:00,2022-01-22 00:00:00,-70,2022-02-22 00:00:00,2022-02-23 00:00:00,T,non-quantifiable DNA after extraction,NA,EMOBON_ESC68N_Wa_23
EMO BON ESC68N Wa 211215 0.2um 2,EMOBON metagenome water sample from station ESC68N collected on 2021-12-15 size fraction 0.2-3um,1874687,marine plankton metagenome,metagenome,seawater [ENVO:00002149]; coastal sea water [ENVO:00002150]; surface water [ENVO:00002042],2021-12-15 00:00:00,ESC68N_Wa_211215,Kristel Berg,NA,no_tide,,2,2,10,fi,0.2-3,0.2,3,Y,Niskin,WaSOP1,NA,2021-12-15 00:00:00,eDNA freezer bag,-80,Kristel Berg,NA,NA,NA,N,2022-01-17 00:00:00,2022-01-22 00:00:00,-70,2022-02-22 00:00:00,2022-02-23 00:00:00,T,non-quantifiable DNA after extraction,NA,EMOBON_ESC68N_Wa_24
EMO BON ESC68N Wa 211215 3um 3,EMOBON metagenome water sample from station ESC68N collected on 2021-12-15 size fraction 3-200um,1874687,marine plankton metagenome,metagenome,seawater [ENVO:00002149]; coastal sea water [ENVO:00002150]; surface water [ENVO:00002042],2021-12-15 00:00:00,ESC68N_Wa_211215,Kristel Berg,NA,no_tide,,2,3,10,fi,3-200,3,200,Y,Niskin,WaSOP1,NA,2021-12-15 00:00:00,eDNA freezer bag,-80,Kristel Berg,NA,NA,NA,Y,NA,NA,NA,NA,NA,NA,NA,NA,EMOBON_ESC68N_Wa_25
EMO BON ESC68N Wa 211215 3um 4,EMOBON metagenome water sample from station ESC68N collected on 2021-12-15 size fraction 3-200um,1874687,marine plankton metagenome,metagenome,seawater [ENVO:00002149]; coastal sea water [ENVO:00002150]; surface water [ENVO:00002042],2021-12-15 00:00:00,ESC68N_Wa_211215,Kristel Berg,NA,no_tide,,2,4,10,fi,3-200,3,200,Y,Niskin,WaSOP1,NA,2021-12-15 00:00:00,eDNA freezer bag,-80,Kristel Berg,NA,NA,NA,Y,NA,NA,NA,NA,NA,NA,NA,NA,EMOBON_ESC68N_Wa_26
EMO BON ESC68N Wa 211215 0.2um 3,EMOBON metagenome water sample from station ESC68N collected on 2021-12-15 size fraction 0.2-3um,1874687,marine plankton metagenome,metagenome,seawater [ENVO:00002149]; coastal sea water [ENVO:00002150]; surface water [ENVO:00002042],2021-12-15 00:00:00,ESC68N_Wa_211215,Kristel Berg,NA,no_tide,,2,3,10,fi,0.2-3,0.2,3,Y,Niskin,WaSOP1,NA,2021-12-15 00:00:00,eDNA freezer bag,-80,Kristel Berg,NA,NA,NA,Y,NA,NA,NA,NA,NA,NA,NA,NA,EMOBON_ESC68N_Wa_27
EMO BON ESC68N Wa 211215 0.2um 4,EMOBON metagenome water sample from station ESC68N collected on 2021-12-15 size fraction 0.2-3um,1874687,marine plankton metagenome,metagenome,seawater [ENVO:00002149]; coastal sea water [ENVO:00002150]; surface water [ENVO:00002042],2021-12-15 00:00:00,ESC68N_Wa_211215,Kristel Berg,NA,no_tide,,2,4,10,fi,0.2-3,0.2,3,Y,Niskin,WaSOP1,NA,2021-12-15 00:00:00,eDNA freezer bag,-80,Kristel Berg,NA,NA,NA,Y,NA,NA,NA,NA,NA,NA,NA,NA,EMOBON_ESC68N_Wa_28
EMO BON ESC68N Wa 211215 3um blank,EMOBON metagenome water sample from station ESC68N collected on 2021-12-15 size fraction 3-200um,256318,metagenome,metagenome,seawater [ENVO:00002149]; coastal sea water [ENVO:00002150]; surface water [ENVO:00002042],2021-12-15 00:00:00,ESC68N_Wa_211215,Kristel Berg,NA,no_tide,,2,blank_1,10,fi,3-200,3,200,Y,Niskin,WaSOP1,NA,2021-12-15 00:00:00,eDNA freezer bag,-80,Kristel Berg,NA,NA,NA,Y,NA,NA,NA,NA,NA,NA,NA,NA,EMOBON_ESC68N_Wa_29
EMO BON ESC68N Wa 211215 0.2um blank,EMOBON metagenome water sample from station ESC68N collected on 2021-12-15 size fraction 0.2-3um,256318,metagenome,metagenome,seawater [ENVO:00002149]; coastal sea water [ENVO:00002150]; surface water [ENVO:00002042],2021-12-15 00:00:00,ESC68N_Wa_211215,Kristel Berg,NA,no_tide,,2,blank_1,10,fi,0.2-3,0.2,3,Y,Niskin,WaSOP1,NA,2021-12-15 00:00:00,eDNA freezer bag,-80,Kristel Berg,NA,NA,NA,Y,NA,NA,NA,NA,NA,NA,NA,NA,EMOBON_ESC68N_Wa_30
EMO BON ESC68N Wa 220209 3um 1,EMOBON metagenome water sample from station ESC68N collected on 2022-02-09 size fraction 3-200um,1874687,marine plankton metagenome,metagenome,seawater [ENVO:00002149]; coastal sea water [ENVO:00002150]; surface water [ENVO:00002042],2022-02-09 00:00:00,ESC68N_Wa_220209,Kristel Berg,NA,no_tide,,2,1,10,fi,3-200,3,200,Y,Niskin,WaSOP1,NA,2022-02-09 00:00:00,eDNA freezer bag,-80,Kristel Berg,NA,NA,NA,N,2022-10-10 00:00:00,2022-10-12 00:00:00,-70,2023-06-01 00:00:00,2023-06-01 00:00:00,NA,NA,NA,EMOBON_ESC68N_Wa_31
EMO BON ESC68N Wa 220209 3um 2,EMOBON metagenome water sample from station ESC68N collected on 2022-02-09 size fraction 3-200um,1874687,marine plankton metagenome,metagenome,seawater [ENVO:00002149]; coastal sea water [ENVO:00002150]; surface water [ENVO:00002042],2022-02-09 00:00:00,ESC68N_Wa_220209,Kristel Berg,NA,no_tide,,2,2,10,fi,3-200,3,200,Y,Niskin,WaSOP1,NA,2022-02-09 00:00:00,eDNA freezer bag,-80,Kristel Berg,NA,NA,NA,N,2022-10-10 00:00:00,2022-10-12 00:00:00,-70,2023-06-01 00:00:00,2023-06-01 00:00:00,NA,NA,NA,EMOBON_ESC68N_Wa_32
EMO BON ESC68N Wa 220209 0.2um 1,EMOBON metagenome water sample from station ESC68N collected on 2022-02-09 size fraction 0.2-3um,1874687,marine plankton metagenome,metagenome,seawater [ENVO:00002149]; coastal sea water [ENVO:00002150]; surface water [ENVO:00002042],2022-02-09 00:00:00,ESC68N_Wa_220209,Kristel Berg,NA,no_tide,,2,1,10,fi,0.2-3,0.2,3,Y,Niskin,WaSOP1,NA,2022-02-09 00:00:00,eDNA freezer bag,-80,Kristel Berg,NA,NA,NA,N,2022-10-10 00:00:00,2022-10-12 00:00:00,-70,2023-06-01 00:00:00,2023-06-01 00:00:00,NA,NA,NA,EMOBON_ESC68N_Wa_33
EMO BON ESC68N Wa 220209 0.2um 2,EMOBON metagenome water sample from station ESC68N collected on 2022-02-09 size fraction 0.2-3um,1874687,marine plankton metagenome,metagenome,seawater [ENVO:00002149]; coastal sea water [ENVO:00002150]; surface water [ENVO:00002042],2022-02-09 00:00:00,ESC68N_Wa_220209,Kristel Berg,NA,no_tide,,2,2,10,fi,0.2-3,0.2,3,Y,Niskin,WaSOP1,NA,2022-02-09 00:00:00,eDNA freezer bag,-80,Kristel Berg,NA,NA,NA,N,2022-10-10 00:00:00,2022-10-12 00:00:00,-70,2023-06-01 00:00:00,2023-06-01 00:00:00,NA,NA,NA,EMOBON_ESC68N_Wa_34
EMO BON ESC68N Wa 220209 3um 3,EMOBON metagenome water sample from station ESC68N collected on 2022-02-09 size fraction 3-200um,1874687,marine plankton metagenome,metagenome,seawater [ENVO:00002149]; coastal sea water [ENVO:00002150]; surface water [ENVO:00002042],2022-02-09 00:00:00,ESC68N_Wa_220209,Kristel Berg,NA,no_tide,,2,3,10,fi,3-200,3,200,Y,Niskin,WaSOP1,NA,2022-02-09 00:00:00,eDNA freezer bag,-80,Kristel Berg,NA,NA,NA,Y,NA,NA,NA,NA,NA,NA,NA,NA,EMOBON_ESC68N_Wa_35
EMO BON ESC68N Wa 220209 3um 4,EMOBON metagenome water sample from station ESC68N collected on 2022-02-09 size fraction 3-200um,1874687,marine plankton metagenome,metagenome,seawater [ENVO:00002149]; coastal sea water [ENVO:00002150]; surface water [ENVO:00002042],2022-02-09 00:00:00,ESC68N_Wa_220209,Kristel Berg,NA,no_tide,,2,4,10,fi,3-200,3,200,Y,Niskin,WaSOP1,NA,2022-02-09 00:00:00,eDNA freezer bag,-80,Kristel Berg,NA,NA,NA,Y,NA,NA,NA,NA,NA,NA,NA,NA,EMOBON_ESC68N_Wa_36
EMO BON ESC68N Wa 220209 0.2um 3,EMOBON metagenome water sample from station ESC68N collected on 2022-02-09 size fraction 0.2-3um,1874687,marine plankton metagenome,metagenome,seawater [ENVO:00002149]; coastal sea water [ENVO:00002150]; surface water [ENVO:00002042],2022-02-09 00:00:00,ESC68N_Wa_220209,Kristel Berg,NA,no_tide,,2,3,10,fi,0.2-3,0.2,3,Y,Niskin,WaSOP1,NA,2022-02-09 00:00:00,eDNA freezer bag,-80,Kristel Berg,NA,NA,NA,Y,NA,NA,NA,NA,NA,NA,NA,NA,EMOBON_ESC68N_Wa_37
EMO BON ESC68N Wa 220209 0.2um 4,EMOBON metagenome water sample from station ESC68N collected on 2022-02-09 size fraction 0.2-3um,1874687,marine plankton metagenome,metagenome,seawater [ENVO:00002149]; coastal sea water [ENVO:00002150]; surface water [ENVO:00002042],2022-02-09 00:00:00,ESC68N_Wa_220209,Kristel Berg,NA,no_tide,,2,4,10,fi,0.2-3,0.2,3,Y,Niskin,WaSOP1,NA,2022-02-09 00:00:00,eDNA freezer bag,-80,Kristel Berg,NA,NA,NA,Y,NA,NA,NA,NA,NA,NA,NA,NA,EMOBON_ESC68N_Wa_38
EMO BON ESC68N Wa 220209 3um blank,EMOBON metagenome water sample from station ESC68N collected on 2022-02-09 size fraction 3-200um,256318,metagenome,metagenome,seawater [ENVO:00002149]; coastal sea water [ENVO:00002150]; surface water [ENVO:00002042],2022-02-09 00:00:00,ESC68N_Wa_220209,Kristel Berg,NA,no_tide,,2,blank_1,10,fi,3-200,3,200,Y,Niskin,WaSOP1,NA,2022-02-09 00:00:00,eDNA freezer bag,-80,Kristel Berg,NA,NA,NA,Y,NA,NA,NA,NA,NA,NA,NA,NA,EMOBON_ESC68N_Wa_39
EMO BON ESC68N Wa 220209 0.2um blank,EMOBON metagenome water sample from station ESC68N collected on 2022-02-09 size fraction 0.2-3um,256318,metagenome,metagenome,seawater [ENVO:00002149]; coastal sea water [ENVO:00002150]; surface water [ENVO:00002042],2022-02-09 00:00:00,ESC68N_Wa_220209,Kristel Berg,NA,no_tide,,2,blank_1,10,fi,0.2-3,0.2,3,Y,Niskin,WaSOP1,NA,2022-02-09 00:00:00,eDNA freezer bag,-80,Kristel Berg,NA,NA,NA,Y,NA,NA,NA,NA,NA,NA,NA,NA,EMOBON_ESC68N_Wa_40
EMO BON ESC68N Wa 220505 3um 1,EMOBON metagenome water sample from station ESC68N collected on 2022-05-05 size fraction 3-200um,1874687,marine plankton metagenome,metagenome,seawater [ENVO:00002149]; coastal sea water [ENVO:00002150]; surface water [ENVO:00002042],2022-05-05 00:00:00,ESC68N_Wa_220505,Kristel Berg,NA,no_tide,,2,1,10,fi,3-200,3,200,Y,Niskin,WaSOP1,NA,2022-05-06 00:00:00,eDNA freezer bag,-80,Kristel Berg,NA,NA,NA,N,2022-10-10 00:00:00,2022-10-12 00:00:00,-70,2023-06-01 00:00:00,2023-06-01 00:00:00,NA,NA,NA,EMOBON_ESC68N_Wa_41
EMO BON ESC68N Wa 220505 3um 2,EMOBON metagenome water sample from station ESC68N collected on 2022-05-05 size fraction 3-200um,1874687,marine plankton metagenome,metagenome,seawater [ENVO:00002149]; coastal sea water [ENVO:00002150]; surface water [ENVO:00002042],2022-05-05 00:00:00,ESC68N_Wa_220505,Kristel Berg,NA,no_tide,,2,2,10,fi,3-200,3,200,Y,Niskin,WaSOP1,NA,2022-05-06 00:00:00,eDNA freezer bag,-80,Kristel Berg,NA,NA,NA,N,2022-10-10 00:00:00,2022-10-12 00:00:00,-70,2023-06-01 00:00:00,2023-06-01 00:00:00,NA,NA,NA,EMOBON_ESC68N_Wa_42
EMO BON ESC68N Wa 220505 0.2um 1,EMOBON metagenome water sample from station ESC68N collected on 2022-05-05 size fraction 0.2-3um,1874687,marine plankton metagenome,metagenome,seawater [ENVO:00002149]; coastal sea water [ENVO:00002150]; surface water [ENVO:00002042],2022-05-05 00:00:00,ESC68N_Wa_220505,Kristel Berg,NA,no_tide,,2,1,10,fi,0.2-3,0.2,3,Y,Niskin,WaSOP1,NA,2022-05-06 00:00:00,eDNA freezer bag,-80,Kristel Berg,NA,NA,NA,N,2022-10-10 00:00:00,2022-10-12 00:00:00,-70,2023-06-01 00:00:00,2023-06-01 00:00:00,NA,NA,NA,EMOBON_ESC68N_Wa_43
EMO BON ESC68N Wa 220505 0.2um 2,EMOBON metagenome water sample from station ESC68N collected on 2022-05-05 size fraction 0.2-3um,1874687,marine plankton metagenome,metagenome,seawater [ENVO:00002149]; coastal sea water [ENVO:00002150]; surface water [ENVO:00002042],2022-05-05 00:00:00,ESC68N_Wa_220505,Kristel Berg,NA,no_tide,,2,2,10,fi,0.2-3,0.2,3,Y,Niskin,WaSOP1,NA,2022-05-06 00:00:00,eDNA freezer bag,-80,Kristel Berg,NA,NA,NA,N,2022-10-10 00:00:00,2022-10-12 00:00:00,-70,2023-06-01 00:00:00,2023-06-01 00:00:00,NA,NA,NA,EMOBON_ESC68N_Wa_44
EMO BON ESC68N Wa 220505 3um 3,EMOBON metagenome water sample from station ESC68N collected on 2022-05-05 size fraction 3-200um,1874687,marine plankton metagenome,metagenome,seawater [ENVO:00002149]; coastal sea water [ENVO:00002150]; surface water [ENVO:00002042],2022-05-05 00:00:00,ESC68N_Wa_220505,Kristel Berg,NA,no_tide,,2,3,10,fi,3-200,3,200,Y,Niskin,WaSOP1,NA,2022-05-06 00:00:00,eDNA freezer bag,-80,Kristel Berg,NA,NA,NA,Y,NA,NA,NA,NA,NA,NA,NA,NA,EMOBON_ESC68N_Wa_45
EMO BON ESC68N Wa 220505 3um 4,EMOBON metagenome water sample from station ESC68N collected on 2022-05-05 size fraction 3-200um,1874687,marine plankton metagenome,metagenome,seawater [ENVO:00002149]; coastal sea water [ENVO:00002150]; surface water [ENVO:00002042],2022-05-05 00:00:00,ESC68N_Wa_220505,Kristel Berg,NA,no_tide,,2,4,10,fi,3-200,3,200,Y,Niskin,WaSOP1,NA,2022-05-06 00:00:00,eDNA freezer bag,-80,Kristel Berg,NA,NA,NA,Y,NA,NA,NA,NA,NA,NA,NA,NA,EMOBON_ESC68N_Wa_46
EMO BON ESC68N Wa 220505 0.2um 3,EMOBON metagenome water sample from station ESC68N collected on 2022-05-05 size fraction 0.2-3um,1874687,marine plankton metagenome,metagenome,seawater [ENVO:00002149]; coastal sea water [ENVO:00002150]; surface water [ENVO:00002042],2022-05-05 00:00:00,ESC68N_Wa_220505,Kristel Berg,NA,no_tide,,2,3,10,fi,0.2-3,0.2,3,Y,Niskin,WaSOP1,NA,2022-05-06 00:00:00,eDNA freezer bag,-80,Kristel Berg,NA,NA,NA,Y,NA,NA,NA,NA,NA,NA,NA,NA,EMOBON_ESC68N_Wa_47
EMO BON ESC68N Wa 220505 0.2um 4,EMOBON metagenome water sample from station ESC68N collected on 2022-05-05 size fraction 0.2-3um,1874687,marine plankton metagenome,metagenome,seawater [ENVO:00002149]; coastal sea water [ENVO:00002150]; surface water [ENVO:00002042],2022-05-05 00:00:00,ESC68N_Wa_220505,Kristel Berg,NA,no_tide,,2,4,10,fi,0.2-3,0.2,3,Y,Niskin,WaSOP1,NA,2022-05-06 00:00:00,eDNA freezer bag,-80,Kristel Berg,NA,NA,NA,Y,NA,NA,NA,NA,NA,NA,NA,NA,EMOBON_ESC68N_Wa_48
EMO BON ESC68N Wa 220505 3um blank,EMOBON metagenome water sample from station ESC68N collected on 2022-05-05 size fraction 3-200um,256318,metagenome,metagenome,seawater [ENVO:00002149]; coastal sea water [ENVO:00002150]; surface water [ENVO:00002042],2022-05-05 00:00:00,ESC68N_Wa_220505,Kristel Berg,NA,no_tide,,2,blank_1,10,fi,3-200,3,200,Y,Niskin,WaSOP1,NA,2022-05-06 00:00:00,eDNA freezer bag,-80,Kristel Berg,NA,NA,NA,Y,NA,NA,NA,NA,NA,NA,NA,NA,EMOBON_ESC68N_Wa_49
EMO BON ESC68N Wa 220505 0.2um blank,EMOBON metagenome water sample from station ESC68N collected on 2022-05-05 size fraction 0.2-3um,256318,metagenome,metagenome,seawater [ENVO:00002149]; coastal sea water [ENVO:00002150]; surface water [ENVO:00002042],2022-05-05 00:00:00,ESC68N_Wa_220505,Kristel Berg,NA,no_tide,,2,blank_1,10,fi,0.2-3,0.2,3,Y,Niskin,WaSOP1,NA,2022-05-06 00:00:00,eDNA freezer bag,-80,Kristel Berg,NA,NA,NA,Y,NA,NA,NA,NA,NA,NA,NA,NA,EMOBON_ESC68N_Wa_50
EMO BON ESC68N Wa 220614 3um 1,EMOBON metagenome water sample from station ESC68N collected on 2022-06-14 size fraction 3-200um,1874687,marine plankton metagenome,metagenome,seawater [ENVO:00002149]; coastal sea water [ENVO:00002150]; surface water [ENVO:00002042],2022-06-14 00:00:00,ESC68N_Wa_220614,Kristel Berg,NA,no_tide,,2,1,10,fi,3-200,3,200,Y,Niskin,WaSOP1,NA,2022-06-15 00:00:00,eDNA freezer bag,-80,Kristel Berg,NA,NA,NA,N,2022-10-10 00:00:00,2022-10-12 00:00:00,-70,2023-06-01 00:00:00,2023-06-01 00:00:00,NA,NA,NA,EMOBON_ESC68N_Wa_51
EMO BON ESC68N Wa 220614 3um 2,EMOBON metagenome water sample from station ESC68N collected on 2022-06-14 size fraction 3-200um,1874687,marine plankton metagenome,metagenome,seawater [ENVO:00002149]; coastal sea water [ENVO:00002150]; surface water [ENVO:00002042],2022-06-14 00:00:00,ESC68N_Wa_220614,Kristel Berg,NA,no_tide,,2,2,10,fi,3-200,3,200,Y,Niskin,WaSOP1,NA,2022-06-15 00:00:00,eDNA freezer bag,-80,Kristel Berg,NA,NA,NA,N,2022-10-10 00:00:00,2022-10-12 00:00:00,-70,2023-06-01 00:00:00,2023-06-01 00:00:00,NA,NA,NA,EMOBON_ESC68N_Wa_52
EMO BON ESC68N Wa 220614 0.2um 1,EMOBON metagenome water sample from station ESC68N collected on 2022-06-14 size fraction 0.2-3um,1874687,marine plankton metagenome,metagenome,seawater [ENVO:00002149]; coastal sea water [ENVO:00002150]; surface water [ENVO:00002042],2022-06-14 00:00:00,ESC68N_Wa_220614,Kristel Berg,NA,no_tide,,2,1,10,fi,0.2-3,0.2,3,Y,Niskin,WaSOP1,NA,2022-06-15 00:00:00,eDNA freezer bag,-80,Kristel Berg,NA,NA,NA,N,2022-10-10 00:00:00,2022-10-12 00:00:00,-70,2023-06-01 00:00:00,2023-06-01 00:00:00,NA,NA,NA,EMOBON_ESC68N_Wa_53
EMO BON ESC68N Wa 220614 0.2um 2,EMOBON metagenome water sample from station ESC68N collected on 2022-06-14 size fraction 0.2-3um,1874687,marine plankton metagenome,metagenome,seawater [ENVO:00002149]; coastal sea water [ENVO:00002150]; surface water [ENVO:00002042],2022-06-14 00:00:00,ESC68N_Wa_220614,Kristel Berg,NA,no_tide,,2,2,10,fi,0.2-3,0.2,3,Y,Niskin,WaSOP1,NA,2022-06-15 00:00:00,eDNA freezer bag,-80,Kristel Berg,NA,NA,NA,N,2022-10-10 00:00:00,2022-10-12 00:00:00,-70,2023-06-01 00:00:00,2023-06-01 00:00:00,NA,NA,NA,EMOBON_ESC68N_Wa_54
EMO BON ESC68N Wa 220614 3um 3,EMOBON metagenome water sample from station ESC68N collected on 2022-06-14 size fraction 3-200um,1874687,marine plankton metagenome,metagenome,seawater [ENVO:00002149]; coastal sea water [ENVO:00002150]; surface water [ENVO:00002042],2022-06-14 00:00:00,ESC68N_Wa_220614,Kristel Berg,NA,no_tide,,2,3,10,fi,3-200,3,200,Y,Niskin,WaSOP1,NA,2022-06-15 00:00:00,eDNA freezer bag,-80,Kristel Berg,NA,NA,NA,Y,NA,NA,NA,NA,NA,NA,NA,NA,EMOBON_ESC68N_Wa_55
EMO BON ESC68N Wa 220614 3um 4,EMOBON metagenome water sample from station ESC68N collected on 2022-06-14 size fraction 3-200um,1874687,marine plankton metagenome,metagenome,seawater [ENVO:00002149]; coastal sea water [ENVO:00002150]; surface water [ENVO:00002042],2022-06-14 00:00:00,ESC68N_Wa_220614,Kristel Berg,NA,no_tide,,2,4,10,fi,3-200,3,200,Y,Niskin,WaSOP1,NA,2022-06-15 00:00:00,eDNA freezer bag,-80,Kristel Berg,NA,NA,NA,Y,NA,NA,NA,NA,NA,NA,NA,NA,EMOBON_ESC68N_Wa_56
EMO BON ESC68N Wa 220614 0.2um 3,EMOBON metagenome water sample from station ESC68N collected on 2022-06-14 size fraction 0.2-3um,1874687,marine plankton metagenome,metagenome,seawater [ENVO:00002149]; coastal sea water [ENVO:00002150]; surface water [ENVO:00002042],2022-06-14 00:00:00,ESC68N_Wa_220614,Kristel Berg,NA,no_tide,,2,3,10,fi,0.2-3,0.2,3,Y,Niskin,WaSOP1,NA,2022-06-15 00:00:00,eDNA freezer bag,-80,Kristel Berg,NA,NA,NA,Y,NA,NA,NA,NA,NA,NA,NA,NA,EMOBON_ESC68N_Wa_57
EMO BON ESC68N Wa 220614 0.2um 4,EMOBON metagenome water sample from station ESC68N collected on 2022-06-14 size fraction 0.2-3um,1874687,marine plankton metagenome,metagenome,seawater [ENVO:00002149]; coastal sea water [ENVO:00002150]; surface water [ENVO:00002042],2022-06-14 00:00:00,ESC68N_Wa_220614,Kristel Berg,NA,no_tide,,2,4,10,fi,0.2-3,0.2,3,Y,Niskin,WaSOP1,NA,2022-06-15 00:00:00,eDNA freezer bag,-80,Kristel Berg,NA,NA,NA,Y,NA,NA,NA,NA,NA,NA,NA,NA,EMOBON_ESC68N_Wa_58
EMO BON ESC68N Wa 220614 3um blank,EMOBON metagenome water sample from station ESC68N collected on 2022-06-14 size fraction 3-200um,256318,metagenome,metagenome,seawater [ENVO:00002149]; coastal sea water [ENVO:00002150]; surface water [ENVO:00002042],2022-06-14 00:00:00,ESC68N_Wa_220614,Kristel Berg,NA,no_tide,,2,blank_1,10,fi,3-200,3,200,Y,Niskin,WaSOP1,NA,2022-06-15 00:00:00,eDNA freezer bag,-80,Kristel Berg,NA,NA,NA,Y,NA,NA,NA,NA,NA,NA,NA,NA,EMOBON_ESC68N_Wa_59
EMO BON ESC68N Wa 220614 0.2um blank,EMOBON metagenome water sample from station ESC68N collected on 2022-06-14 size fraction 0.2-3um,256318,metagenome,metagenome,seawater [ENVO:00002149]; coastal sea water [ENVO:00002150]; surface water [ENVO:00002042],2022-06-14 00:00:00,ESC68N_Wa_220614,Kristel Berg,NA,no_tide,,2,blank_1,10,fi,0.2-3,0.2,3,Y,Niskin,WaSOP1,NA,2022-06-15 00:00:00,eDNA freezer bag,-80,Kristel Berg,NA,NA,NA,Y,NA,NA,NA,NA,NA,NA,NA,NA,EMOBON_ESC68N_Wa_60
EMO BON ESC68N Wa 220824 3um 1,EMOBON metagenome water sample from station ESC68N collected on 2022-08-24 size fraction 3-200um,1874687,marine plankton metagenome,metagenome,seawater [ENVO:00002149]; coastal sea water [ENVO:00002150]; surface water [ENVO:00002042],2022-08-24 00:00:00,ESC68N_Wa_220824,Kristel Berg,NA,no_tide,,2,1,10,fi,3-200,3,200,Y,Niskin,WaSOP1,NA,2022-08-24 00:00:00,eDNA freezer bag,-80,Kristel Berg,NA,NA,NA,N,2022-10-10 00:00:00,2022-10-12 00:00:00,-70,2023-06-01 00:00:00,2023-06-01 00:00:00,NA,NA,NA,EMOBON_ESC68N_Wa_61
EMO BON ESC68N Wa 220824 3um 2,EMOBON metagenome water sample from station ESC68N collected on 2022-08-24 size fraction 3-200um,1874687,marine plankton metagenome,metagenome,seawater [ENVO:00002149]; coastal sea water [ENVO:00002150]; surface water [ENVO:00002042],2022-08-24 00:00:00,ESC68N_Wa_220824,Kristel Berg,NA,no_tide,,2,2,10,fi,3-200,3,200,Y,Niskin,WaSOP1,NA,2022-08-24 00:00:00,eDNA freezer bag,-80,Kristel Berg,NA,NA,NA,N,2022-10-10 00:00:00,2022-10-12 00:00:00,-70,2023-06-01 00:00:00,2023-06-01 00:00:00,NA,NA,NA,EMOBON_ESC68N_Wa_62
EMO BON ESC68N Wa 220824 0.2um 1,EMOBON metagenome water sample from station ESC68N collected on 2022-08-24 size fraction 0.2-3um,1874687,marine plankton metagenome,metagenome,seawater [ENVO:00002149]; coastal sea water [ENVO:00002150]; surface water [ENVO:00002042],2022-08-24 00:00:00,ESC68N_Wa_220824,Kristel Berg,NA,no_tide,,2,1,10,fi,0.2-3,0.2,3,Y,Niskin,WaSOP1,NA,2022-08-24 00:00:00,eDNA freezer bag,-80,Kristel Berg,NA,NA,NA,N,2022-10-10 00:00:00,2022-10-12 00:00:00,-70,2023-06-01 00:00:00,2023-06-01 00:00:00,NA,NA,NA,EMOBON_ESC68N_Wa_63
EMO BON ESC68N Wa 220824 0.2um 2,EMOBON metagenome water sample from station ESC68N collected on 2022-08-24 size fraction 0.2-3um,1874687,marine plankton metagenome,metagenome,seawater [ENVO:00002149]; coastal sea water [ENVO:00002150]; surface water [ENVO:00002042],2022-08-24 00:00:00,ESC68N_Wa_220824,Kristel Berg,NA,no_tide,,2,2,10,fi,0.2-3,0.2,3,Y,Niskin,WaSOP1,NA,2022-08-24 00:00:00,eDNA freezer bag,-80,Kristel Berg,NA,NA,NA,N,2022-10-10 00:00:00,2022-10-12 00:00:00,-70,2023-06-01 00:00:00,2023-06-01 00:00:00,NA,NA,NA,EMOBON_ESC68N_Wa_64
EMO BON ESC68N Wa 220824 3um 3,EMOBON metagenome water sample from station ESC68N collected on 2022-08-24 size fraction 3-200um,1874687,marine plankton metagenome,metagenome,seawater [ENVO:00002149]; coastal sea water [ENVO:00002150]; surface water [ENVO:00002042],2022-08-24 00:00:00,ESC68N_Wa_220824,Kristel Berg,NA,no_tide,,2,3,10,fi,3-200,3,200,Y,Niskin,WaSOP1,NA,2022-08-24 00:00:00,eDNA freezer bag,-80,Kristel Berg,NA,NA,NA,Y,NA,NA,NA,NA,NA,NA,NA,NA,EMOBON_ESC68N_Wa_65
EMO BON ESC68N Wa 220824 3um 4,EMOBON metagenome water sample from station ESC68N collected on 2022-08-24 size fraction 3-200um,1874687,marine plankton metagenome,metagenome,seawater [ENVO:00002149]; coastal sea water [ENVO:00002150]; surface water [ENVO:00002042],2022-08-24 00:00:00,ESC68N_Wa_220824,Kristel Berg,NA,no_tide,,2,4,10,fi,3-200,3,200,Y,Niskin,WaSOP1,NA,2022-08-24 00:00:00,eDNA freezer bag,-80,Kristel Berg,NA,NA,NA,Y,NA,NA,NA,NA,NA,NA,NA,NA,EMOBON_ESC68N_Wa_66
EMO BON ESC68N Wa 220824 0.2um 3,EMOBON metagenome water sample from station ESC68N collected on 2022-08-24 size fraction 0.2-3um,1874687,marine plankton metagenome,metagenome,seawater [ENVO:00002149]; coastal sea water [ENVO:00002150]; surface water [ENVO:00002042],2022-08-24 00:00:00,ESC68N_Wa_220824,Kristel Berg,NA,no_tide,,2,3,10,fi,0.2-3,0.2,3,Y,Niskin,WaSOP1,NA,2022-08-24 00:00:00,eDNA freezer bag,-80,Kristel Berg,NA,NA,NA,Y,NA,NA,NA,NA,NA,NA,NA,NA,EMOBON_ESC68N_Wa_67
EMO BON ESC68N Wa 220824 0.2um 4,EMOBON metagenome water sample from station ESC68N collected on 2022-08-24 size fraction 0.2-3um,1874687,marine plankton metagenome,metagenome,seawater [ENVO:00002149]; coastal sea water [ENVO:00002150]; surface water [ENVO:00002042],2022-08-24 00:00:00,ESC68N_Wa_220824,Kristel Berg,NA,no_tide,,2,4,10,fi,0.2-3,0.2,3,Y,Niskin,WaSOP1,NA,2022-08-24 00:00:00,eDNA freezer bag,-80,Kristel Berg,NA,NA,NA,Y,NA,NA,NA,NA,NA,NA,NA,NA,EMOBON_ESC68N_Wa_68
EMO BON ESC68N Wa 220824 3um blank,EMOBON metagenome water sample from station ESC68N collected on 2022-08-24 size fraction 3-200um,256318,metagenome,metagenome,seawater [ENVO:00002149]; coastal sea water [ENVO:00002150]; surface water [ENVO:00002042],2022-08-24 00:00:00,ESC68N_Wa_220824,Kristel Berg,NA,no_tide,,2,blank_1,10,fi,3-200,3,200,Y,Niskin,WaSOP1,NA,2022-08-24 00:00:00,eDNA freezer bag,-80,Kristel Berg,NA,NA,NA,Y,NA,NA,NA,NA,NA,NA,NA,NA,EMOBON_ESC68N_Wa_69
EMO BON ESC68N Wa 220824 0.2um blank,EMOBON metagenome water sample from station ESC68N collected on 2022-08-24 size fraction 0.2-3um,256318,metagenome,metagenome,seawater [ENVO:00002149]; coastal sea water [ENVO:00002150]; surface water [ENVO:00002042],2022-08-24 00:00:00,ESC68N_Wa_220824,Kristel Berg,NA,no_tide,,2,blank_1,10,fi,0.2-3,0.2,3,Y,Niskin,WaSOP1,NA,2022-08-24 00:00:00,eDNA freezer bag,-80,Kristel Berg,NA,NA,NA,Y,NA,NA,NA,NA,NA,NA,NA,NA,EMOBON_ESC68N_Wa_70
EMO BON ESC68N Wa 221201 3um 1,EMOBON metagenome water sample from station ESC68N collected on 2022-12-01 size fraction 3-200um,1874687,marine plankton metagenome,metagenome,seawater [ENVO:00002149]; coastal sea water [ENVO:00002150]; surface water [ENVO:00002042],2022-12-01 00:00:00,ESC68N_Wa_221201,Kristel Berg,NA,no_tide,,2,1,10,fi,3-200,3,200,Y,Niskin,WaSOP1,NA,2022-12-02 00:00:00,eDNA freezer bag,-80,Kristel Berg,NA,NA,NA,N,2023-06-12 00:00:00,2023-06-14 00:00:00,-70,,,NA,NA,NA,EMOBON_ESC68N_Wa_71
EMO BON ESC68N Wa 221201 3um 2,EMOBON metagenome water sample from station ESC68N collected on 2022-12-01 size fraction 3-200um,1874687,marine plankton metagenome,metagenome,seawater [ENVO:00002149]; coastal sea water [ENVO:00002150]; surface water [ENVO:00002042],2022-12-01 00:00:00,ESC68N_Wa_221201,Kristel Berg,NA,no_tide,,2,2,10,fi,3-200,3,200,Y,Niskin,WaSOP1,NA,2022-12-02 00:00:00,eDNA freezer bag,-80,Kristel Berg,NA,NA,NA,N,2023-06-12 00:00:00,2023-06-14 00:00:00,-70,,,NA,NA,NA,EMOBON_ESC68N_Wa_72
EMO BON ESC68N Wa 221201 0.2um 1,EMOBON metagenome water sample from station ESC68N collected on 2022-12-01 size fraction 0.2-3um,1874687,marine plankton metagenome,metagenome,seawater [ENVO:00002149]; coastal sea water [ENVO:00002150]; surface water [ENVO:00002042],2022-12-01 00:00:00,ESC68N_Wa_221201,Kristel Berg,NA,no_tide,,2,1,10,fi,0.2-3,0.2,3,Y,Niskin,WaSOP1,NA,2022-12-02 00:00:00,eDNA freezer bag,-80,Kristel Berg,NA,NA,NA,N,2023-06-12 00:00:00,2023-06-14 00:00:00,-70,,,NA,NA,NA,EMOBON_ESC68N_Wa_73
EMO BON ESC68N Wa 221201 0.2um 2,EMOBON metagenome water sample from station ESC68N collected on 2022-12-01 size fraction 0.2-3um,1874687,marine plankton metagenome,metagenome,seawater [ENVO:00002149]; coastal sea water [ENVO:00002150]; surface water [ENVO:00002042],2022-12-01 00:00:00,ESC68N_Wa_221201,Kristel Berg,NA,no_tide,,2,2,10,fi,0.2-3,0.2,3,Y,Niskin,WaSOP1,NA,2022-12-02 00:00:00,eDNA freezer bag,-80,Kristel Berg,NA,NA,NA,N,2023-06-12 00:00:00,2023-06-14 00:00:00,-70,,,NA,NA,NA,EMOBON_ESC68N_Wa_74
EMO BON ESC68N Wa 221201 3um 3,EMOBON metagenome water sample from station ESC68N collected on 2022-12-01 size fraction 3-200um,1874687,marine plankton metagenome,metagenome,seawater [ENVO:00002149]; coastal sea water [ENVO:00002150]; surface water [ENVO:00002042],2022-12-01 00:00:00,ESC68N_Wa_221201,Kristel Berg,NA,no_tide,,2,3,10,fi,3-200,3,200,Y,Niskin,WaSOP1,NA,2022-12-02 00:00:00,eDNA freezer bag,-80,Kristel Berg,NA,NA,NA,Y,NA,NA,NA,NA,NA,NA,NA,NA,EMOBON_ESC68N_Wa_75
EMO BON ESC68N Wa 221201 3um 4,EMOBON metagenome water sample from station ESC68N collected on 2022-12-01 size fraction 3-200um,1874687,marine plankton metagenome,metagenome,seawater [ENVO:00002149]; coastal sea water [ENVO:00002150]; surface water [ENVO:00002042],2022-12-01 00:00:00,ESC68N_Wa_221201,Kristel Berg,NA,no_tide,,2,4,10,fi,3-200,3,200,Y,Niskin,WaSOP1,NA,2022-12-02 00:00:00,eDNA freezer bag,-80,Kristel Berg,NA,NA,NA,Y,NA,NA,NA,NA,NA,NA,NA,NA,EMOBON_ESC68N_Wa_76
EMO BON ESC68N Wa 221201 0.2um 3,EMOBON metagenome water sample from station ESC68N collected on 2022-12-01 size fraction 0.2-3um,1874687,marine plankton metagenome,metagenome,seawater [ENVO:00002149]; coastal sea water [ENVO:00002150]; surface water [ENVO:00002042],2022-12-01 00:00:00,ESC68N_Wa_221201,Kristel Berg,NA,no_tide,,2,3,10,fi,0.2-3,0.2,3,Y,Niskin,WaSOP1,NA,2022-12-02 00:00:00,eDNA freezer bag,-80,Kristel Berg,NA,NA,NA,Y,NA,NA,NA,NA,NA,NA,NA,NA,EMOBON_ESC68N_Wa_77
EMO BON ESC68N Wa 221201 0.2um 4,EMOBON metagenome water sample from station ESC68N collected on 2022-12-01 size fraction 0.2-3um,1874687,marine plankton metagenome,metagenome,seawater [ENVO:00002149]; coastal sea water [ENVO:00002150]; surface water [ENVO:00002042],2022-12-01 00:00:00,ESC68N_Wa_221201,Kristel Berg,NA,no_tide,,2,4,10,fi,0.2-3,0.2,3,Y,Niskin,WaSOP1,NA,2022-12-02 00:00:00,eDNA freezer bag,-80,Kristel Berg,NA,NA,NA,Y,NA,NA,NA,NA,NA,NA,NA,NA,EMOBON_ESC68N_Wa_78
EMO BON ESC68N Wa 221201 3um blank,EMOBON metagenome water sample from station ESC68N collected on 2022-12-01 size fraction 3-200um,256318,metagenome,metagenome,seawater [ENVO:00002149]; coastal sea water [ENVO:00002150]; surface water [ENVO:00002042],2022-12-01 00:00:00,ESC68N_Wa_221201,Kristel Berg,NA,no_tide,,2,blank_1,10,fi,3-200,3,200,Y,Niskin,WaSOP1,NA,2022-12-02 00:00:00,eDNA freezer bag,-80,Kristel Berg,NA,NA,NA,Y,NA,NA,NA,NA,NA,NA,NA,NA,EMOBON_ESC68N_Wa_79
EMO BON ESC68N Wa 221201 0.2um blank,EMOBON metagenome water sample from station ESC68N collected on 2022-12-01 size fraction 0.2-3um,256318,metagenome,metagenome,seawater [ENVO:00002149]; coastal sea water [ENVO:00002150]; surface water [ENVO:00002042],2022-12-01 00:00:00,ESC68N_Wa_221201,Kristel Berg,NA,no_tide,,2,blank_1,10,fi,0.2-3,0.2,3,Y,Niskin,WaSOP1,NA,2022-12-02 00:00:00,eDNA freezer bag,-80,Kristel Berg,NA,NA,NA,Y,NA,NA,NA,NA,NA,NA,NA,NA,EMOBON_ESC68N_Wa_80
EMO BON ESC68N Wa 230504 3um 1,EMOBON metagenome water sample from station ESC68N collected on 2023-05-04 size fraction 3-200um,1874687,marine plankton metagenome,metagenome,seawater [ENVO:00002149]; coastal sea water [ENVO:00002150]; surface water [ENVO:00002042],2023-05-04 00:00:00,ESC68N_Wa_230504,Kristel Berg,NA,no_tide,,2,1,10,fi,3-200,3,200,Y,Niskin,WaSOP1,NA,2023-05-05 00:00:00,eDNA freezer bag,-80,Kristel Berg,NA,NA,NA,N,2023-06-12 00:00:00,2023-06-14 00:00:00,-70,,,NA,NA,NA,EMOBON_ESC68N_Wa_81
EMO BON ESC68N Wa 230504 3um 2,EMOBON metagenome water sample from station ESC68N collected on 2023-05-04 size fraction 3-200um,1874687,marine plankton metagenome,metagenome,seawater [ENVO:00002149]; coastal sea water [ENVO:00002150]; surface water [ENVO:00002042],2023-05-04 00:00:00,ESC68N_Wa_230504,Kristel Berg,NA,no_tide,,2,2,10,fi,3-200,3,200,Y,Niskin,WaSOP1,NA,2023-05-05 00:00:00,eDNA freezer bag,-80,Kristel Berg,NA,NA,NA,N,2023-06-12 00:00:00,2023-06-14 00:00:00,-70,,,NA,NA,NA,EMOBON_ESC68N_Wa_82
EMO BON ESC68N Wa 230504 0.2um 1,EMOBON metagenome water sample from station ESC68N collected on 2023-05-04 size fraction 0.2-3um,1874687,marine plankton metagenome,metagenome,seawater [ENVO:00002149]; coastal sea water [ENVO:00002150]; surface water [ENVO:00002042],2023-05-04 00:00:00,ESC68N_Wa_230504,Kristel Berg,NA,no_tide,,2,1,10,fi,0.2-3,0.2,3,Y,Niskin,WaSOP1,NA,2023-05-05 00:00:00,eDNA freezer bag,-80,Kristel Berg,NA,NA,NA,N,2023-06-12 00:00:00,2023-06-14 00:00:00,-70,,,NA,NA,NA,EMOBON_ESC68N_Wa_83
EMO BON ESC68N Wa 230504 0.2um 2,EMOBON metagenome water sample from station ESC68N collected on 2023-05-04 size fraction 0.2-3um,1874687,marine plankton metagenome,metagenome,seawater [ENVO:00002149]; coastal sea water [ENVO:00002150]; surface water [ENVO:00002042],2023-05-04 00:00:00,ESC68N_Wa_230504,Kristel Berg,NA,no_tide,,2,2,10,fi,0.2-3,0.2,3,Y,Niskin,WaSOP1,NA,2023-05-05 00:00:00,eDNA freezer bag,-80,Kristel Berg,NA,NA,NA,N,2023-06-12 00:00:00,2023-06-14 00:00:00,-70,,,NA,NA,NA,EMOBON_ESC68N_Wa_84
EMO BON ESC68N Wa 230504 3um 3,EMOBON metagenome water sample from station ESC68N collected on 2023-05-04 size fraction 3-200um,1874687,marine plankton metagenome,metagenome,seawater [ENVO:00002149]; coastal sea water [ENVO:00002150]; surface water [ENVO:00002042],2023-05-04 00:00:00,ESC68N_Wa_230504,Kristel Berg,NA,no_tide,,2,3,10,fi,3-200,3,200,Y,Niskin,WaSOP1,NA,2023-05-05 00:00:00,eDNA freezer bag,-80,Kristel Berg,NA,NA,NA,Y,NA,NA,NA,NA,NA,NA,NA,NA,EMOBON_ESC68N_Wa_85
EMO BON ESC68N Wa 230504 3um 4,EMOBON metagenome water sample from station ESC68N collected on 2023-05-04 size fraction 3-200um,1874687,marine plankton metagenome,metagenome,seawater [ENVO:00002149]; coastal sea water [ENVO:00002150]; surface water [ENVO:00002042],2023-05-04 00:00:00,ESC68N_Wa_230504,Kristel Berg,NA,no_tide,,2,4,10,fi,3-200,3,200,Y,Niskin,WaSOP1,NA,2023-05-05 00:00:00,eDNA freezer bag,-80,Kristel Berg,NA,NA,NA,Y,NA,NA,NA,NA,NA,NA,NA,NA,EMOBON_ESC68N_Wa_86
EMO BON ESC68N Wa 230504 0.2um 3,EMOBON metagenome water sample from station ESC68N collected on 2023-05-04 size fraction 0.2-3um,1874687,marine plankton metagenome,metagenome,seawater [ENVO:00002149]; coastal sea water [ENVO:00002150]; surface water [ENVO:00002042],2023-05-04 00:00:00,ESC68N_Wa_230504,Kristel Berg,NA,no_tide,,2,3,10,fi,0.2-3,0.2,3,Y,Niskin,WaSOP1,NA,2023-05-05 00:00:00,eDNA freezer bag,-80,Kristel Berg,NA,NA,NA,Y,NA,NA,NA,NA,NA,NA,NA,NA,EMOBON_ESC68N_Wa_87
EMO BON ESC68N Wa 230504 0.2um 4,EMOBON metagenome water sample from station ESC68N collected on 2023-05-04 size fraction 0.2-3um,1874687,marine plankton metagenome,metagenome,seawater [ENVO:00002149]; coastal sea water [ENVO:00002150]; surface water [ENVO:00002042],2023-05-04 00:00:00,ESC68N_Wa_230504,Kristel Berg,NA,no_tide,,2,4,10,fi,0.2-3,0.2,3,Y,Niskin,WaSOP1,NA,2023-05-05 00:00:00,eDNA freezer bag,-80,Kristel Berg,NA,NA,NA,Y,NA,NA,NA,NA,NA,NA,NA,NA,EMOBON_ESC68N_Wa_88
EMO BON ESC68N Wa 230504 3um blank,EMOBON metagenome water sample from station ESC68N collected on 2023-05-04 size fraction 3-200um,256318,metagenome,metagenome,seawater [ENVO:00002149]; coastal sea water [ENVO:00002150]; surface water [ENVO:00002042],2023-05-04 00:00:00,ESC68N_Wa_230504,Kristel Berg,NA,no_tide,,2,blank_1,10,fi,3-200,3,200,Y,Niskin,WaSOP1,NA,2023-05-05 00:00:00,eDNA freezer bag,-80,Kristel Berg,NA,NA,NA,Y,NA,NA,NA,NA,NA,NA,NA,NA,EMOBON_ESC68N_Wa_89
EMO BON ESC68N Wa 230504 0.2um blank,EMOBON metagenome water sample from station ESC68N collected on 2023-05-04 size fraction 0.2-3um,256318,metagenome,metagenome,seawater [ENVO:00002149]; coastal sea water [ENVO:00002150]; surface water [ENVO:00002042],2023-05-04 00:00:00,ESC68N_Wa_230504,Kristel Berg,NA,no_tide,,2,blank_1,10,fi,0.2-3,0.2,3,Y,Niskin,WaSOP1,NA,2023-05-05 00:00:00,eDNA freezer bag,-80,Kristel Berg,NA,NA,NA,Y,NA,NA,NA,NA,NA,NA,NA,NA,EMOBON_ESC68N_Wa_90
EMO BON ESC68N Wa 230615 3um 1,EMOBON metagenome water sample from station ESC68N collected on 2023-06-15 size fraction 3-200um,1874687,marine plankton metagenome,metagenome,seawater [ENVO:00002149]; coastal sea water [ENVO:00002150]; surface water [ENVO:00002042],2023-06-15 00:00:00,ESC68N_Wa_230615,Kristel Berg,NA,no_tide,,2,1,10,fi,3-200,3,200,Y,Niskin,WaSOP1,NA,2023-06-16 00:00:00,eDNA freezer bag,,,NA,NA,NA,,2023-09-18 00:00:00,2023-09-22 00:00:00,-70,,,NA,NA,NA,EMOBON_ESC68N_Wa_91
EMO BON ESC68N Wa 230615 3um 2,EMOBON metagenome water sample from station ESC68N collected on 2023-06-15 size fraction 3-200um,1874687,marine plankton metagenome,metagenome,seawater [ENVO:00002149]; coastal sea water [ENVO:00002150]; surface water [ENVO:00002042],2023-06-15 00:00:00,ESC68N_Wa_230615,Kristel Berg,NA,no_tide,,2,2,10,fi,3-200,3,200,Y,Niskin,WaSOP1,NA,2023-06-16 00:00:00,eDNA freezer bag,,,NA,NA,NA,,2023-09-18 00:00:00,2023-09-22 00:00:00,-70,,,NA,NA,NA,EMOBON_ESC68N_Wa_92
EMO BON ESC68N Wa 230615 0.2um 1,EMOBON metagenome water sample from station ESC68N collected on 2023-06-15 size fraction 0.2-3um,1874687,marine plankton metagenome,metagenome,seawater [ENVO:00002149]; coastal sea water [ENVO:00002150]; surface water [ENVO:00002042],2023-06-15 00:00:00,ESC68N_Wa_230615,Kristel Berg,NA,no_tide,,2,1,10,fi,0.2-3,0.2,3,Y,Niskin,WaSOP1,NA,2023-06-16 00:00:00,eDNA freezer bag,,,NA,NA,NA,,2023-09-18 00:00:00,2023-09-22 00:00:00,-70,,,NA,NA,NA,EMOBON_ESC68N_Wa_93
EMO BON ESC68N Wa 230615 0.2um 2,EMOBON metagenome water sample from station ESC68N collected on 2023-06-15 size fraction 0.2-3um,1874687,marine plankton metagenome,metagenome,seawater [ENVO:00002149]; coastal sea water [ENVO:00002150]; surface water [ENVO:00002042],2023-06-15 00:00:00,ESC68N_Wa_230615,Kristel Berg,NA,no_tide,,2,2,10,fi,0.2-3,0.2,3,Y,Niskin,WaSOP1,NA,2023-06-16 00:00:00,eDNA freezer bag,,,NA,NA,NA,,2023-09-18 00:00:00,2023-09-22 00:00:00,-70,,,NA,NA,NA,EMOBON_ESC68N_Wa_94
EMO BON ESC68N Wa 230615 3um 3,EMOBON metagenome water sample from station ESC68N collected on 2023-06-15 size fraction 3-200um,1874687,marine plankton metagenome,metagenome,seawater [ENVO:00002149]; coastal sea water [ENVO:00002150]; surface water [ENVO:00002042],2023-06-15 00:00:00,ESC68N_Wa_230615,Kristel Berg,NA,no_tide,,2,3,10,fi,3-200,3,200,Y,Niskin,WaSOP1,NA,2023-06-16 00:00:00,eDNA freezer bag,,,NA,NA,NA,,NA,NA,NA,NA,NA,NA,NA,NA,EMOBON_ESC68N_Wa_95
EMO BON ESC68N Wa 230615 3um 4,EMOBON metagenome water sample from station ESC68N collected on 2023-06-15 size fraction 3-200um,1874687,marine plankton metagenome,metagenome,seawater [ENVO:00002149]; coastal sea water [ENVO:00002150]; surface water [ENVO:00002042],2023-06-15 00:00:00,ESC68N_Wa_230615,Kristel Berg,NA,no_tide,,2,4,10,fi,3-200,3,200,Y,Niskin,WaSOP1,NA,2023-06-16 00:00:00,eDNA freezer bag,,,NA,NA,NA,,NA,NA,NA,NA,NA,NA,NA,NA,EMOBON_ESC68N_Wa_96
EMO BON ESC68N Wa 230615 0.2um 3,EMOBON metagenome water sample from station ESC68N collected on 2023-06-15 size fraction 0.2-3um,1874687,marine plankton metagenome,metagenome,seawater [ENVO:00002149]; coastal sea water [ENVO:00002150]; surface water [ENVO:00002042],2023-06-15 00:00:00,ESC68N_Wa_230615,Kristel Berg,NA,no_tide,,2,3,10,fi,0.2-3,0.2,3,Y,Niskin,WaSOP1,NA,2023-06-16 00:00:00,eDNA freezer bag,,,NA,NA,NA,,NA,NA,NA,NA,NA,NA,NA,NA,EMOBON_ESC68N_Wa_97
EMO BON ESC68N Wa 230615 0.2um 4,EMOBON metagenome water sample from station ESC68N collected on 2023-06-15 size fraction 0.2-3um,1874687,marine plankton metagenome,metagenome,seawater [ENVO:00002149]; coastal sea water [ENVO:00002150]; surface water [ENVO:00002042],2023-06-15 00:00:00,ESC68N_Wa_230615,Kristel Berg,NA,no_tide,,2,4,10,fi,0.2-3,0.2,3,Y,Niskin,WaSOP1,NA,2023-06-16 00:00:00,eDNA freezer bag,,,NA,NA,NA,,NA,NA,NA,NA,NA,NA,NA,NA,EMOBON_ESC68N_Wa_98
EMO BON ESC68N Wa 230615 3um blank,EMOBON metagenome water sample from station ESC68N collected on 2023-06-15 size fraction 3-200um,256318,metagenome,metagenome,seawater [ENVO:00002149]; coastal sea water [ENVO:00002150]; surface water [ENVO:00002042],2023-06-15 00:00:00,ESC68N_Wa_230615,Kristel Berg,NA,no_tide,,2,blank_1,10,fi,3-200,3,200,Y,Niskin,WaSOP1,NA,2023-06-16 00:00:00,eDNA freezer bag,,,NA,NA,NA,,2023-09-18 00:00:00,2023-09-22 00:00:00,-70,,,NA,NA,NA,EMOBON_ESC68N_Wa_99
EMO BON ESC68N Wa 230615 0.2um blank,EMOBON metagenome water sample from station ESC68N collected on 2023-06-15 size fraction 0.2-3um,256318,metagenome,metagenome,seawater [ENVO:00002149]; coastal sea water [ENVO:00002150]; surface water [ENVO:00002042],2023-06-15 00:00:00,ESC68N_Wa_230615,Kristel Berg,NA,no_tide,,2,blank_1,10,fi,0.2-3,0.2,3,Y,Niskin,WaSOP1,NA,2023-06-16 00:00:00,eDNA freezer bag,,,NA,NA,NA,,2023-09-18 00:00:00,2023-09-22 00:00:00,-70,,,NA,NA,NA,EMOBON_ESC68N_Wa_100
EMO BON ESC68N Wa 230906 3um 1,EMOBON metagenome water sample from station ESC68N collected on 2023-09-06 size fraction 3-200um,1874687,marine plankton metagenome,metagenome,seawater [ENVO:00002149]; coastal sea water [ENVO:00002150]; surface water [ENVO:00002042],2023-09-06 00:00:00,ESC68N_Wa_230906,Kristel Berg,NA,no_tide,,2,1,10,fi,3-200,3,200,Y,Niskin,WaSOP1,NA,2023-09-07 00:00:00,eDNA freezer bag,,,NA,NA,NA,,2023-09-18 00:00:00,2023-09-22 00:00:00,-70,,,NA,NA,NA,EMOBON_ESC68N_Wa_101
EMO BON ESC68N Wa 230906 3um 2,EMOBON metagenome water sample from station ESC68N collected on 2023-09-06 size fraction 3-200um,1874687,marine plankton metagenome,metagenome,seawater [ENVO:00002149]; coastal sea water [ENVO:00002150]; surface water [ENVO:00002042],2023-09-06 00:00:00,ESC68N_Wa_230906,Kristel Berg,NA,no_tide,,2,2,10,fi,3-200,3,200,Y,Niskin,WaSOP1,NA,2023-09-07 00:00:00,eDNA freezer bag,,,NA,NA,NA,,2023-09-18 00:00:00,2023-09-22 00:00:00,-70,,,NA,NA,NA,EMOBON_ESC68N_Wa_102
EMO BON ESC68N Wa 230906 0.2um 1,EMOBON metagenome water sample from station ESC68N collected on 2023-09-06 size fraction 0.2-3um,1874687,marine plankton metagenome,metagenome,seawater [ENVO:00002149]; coastal sea water [ENVO:00002150]; surface water [ENVO:00002042],2023-09-06 00:00:00,ESC68N_Wa_230906,Kristel Berg,NA,no_tide,,2,1,10,fi,0.2-3,0.2,3,Y,Niskin,WaSOP1,NA,2023-09-07 00:00:00,eDNA freezer bag,,,NA,NA,NA,,2023-09-18 00:00:00,2023-09-22 00:00:00,-70,,,NA,NA,NA,EMOBON_ESC68N_Wa_103
EMO BON ESC68N Wa 230906 0.2um 2,EMOBON metagenome water sample from station ESC68N collected on 2023-09-06 size fraction 0.2-3um,1874687,marine plankton metagenome,metagenome,seawater [ENVO:00002149]; coastal sea water [ENVO:00002150]; surface water [ENVO:00002042],2023-09-06 00:00:00,ESC68N_Wa_230906,Kristel Berg,NA,no_tide,,2,2,10,fi,0.2-3,0.2,3,Y,Niskin,WaSOP1,NA,2023-09-07 00:00:00,eDNA freezer bag,,,NA,NA,NA,,2023-09-18 00:00:00,2023-09-22 00:00:00,-70,,,NA,NA,NA,EMOBON_ESC68N_Wa_104
EMO BON ESC68N Wa 230906 3um 3,EMOBON metagenome water sample from station ESC68N collected on 2023-09-06 size fraction 3-200um,1874687,marine plankton metagenome,metagenome,seawater [ENVO:00002149]; coastal sea water [ENVO:00002150]; surface water [ENVO:00002042],2023-09-06 00:00:00,ESC68N_Wa_230906,Kristel Berg,NA,no_tide,,2,3,10,fi,3-200,3,200,Y,Niskin,WaSOP1,NA,2023-09-07 00:00:00,eDNA freezer bag,,,NA,NA,NA,,NA,NA,NA,NA,NA,NA,NA,NA,EMOBON_ESC68N_Wa_105
EMO BON ESC68N Wa 230906 3um 4,EMOBON metagenome water sample from station ESC68N collected on 2023-09-06 size fraction 3-200um,1874687,marine plankton metagenome,metagenome,seawater [ENVO:00002149]; coastal sea water [ENVO:00002150]; surface water [ENVO:00002042],2023-09-06 00:00:00,ESC68N_Wa_230906,Kristel Berg,NA,no_tide,,2,4,10,fi,3-200,3,200,Y,Niskin,WaSOP1,NA,2023-09-07 00:00:00,eDNA freezer bag,,,NA,NA,NA,,NA,NA,NA,NA,NA,NA,NA,NA,EMOBON_ESC68N_Wa_106
EMO BON ESC68N Wa 230906 0.2um 3,EMOBON metagenome water sample from station ESC68N collected on 2023-09-06 size fraction 0.2-3um,1874687,marine plankton metagenome,metagenome,seawater [ENVO:00002149]; coastal sea water [ENVO:00002150]; surface water [ENVO:00002042],2023-09-06 00:00:00,ESC68N_Wa_230906,Kristel Berg,NA,no_tide,,2,3,10,fi,0.2-3,0.2,3,Y,Niskin,WaSOP1,NA,2023-09-07 00:00:00,eDNA freezer bag,,,NA,NA,NA,,NA,NA,NA,NA,NA,NA,NA,NA,EMOBON_ESC68N_Wa_107
EMO BON ESC68N Wa 230906 0.2um 4,EMOBON metagenome water sample from station ESC68N collected on 2023-09-06 size fraction 0.2-3um,1874687,marine plankton metagenome,metagenome,seawater [ENVO:00002149]; coastal sea water [ENVO:00002150]; surface water [ENVO:00002042],2023-09-06 00:00:00,ESC68N_Wa_230906,Kristel Berg,NA,no_tide,,2,4,10,fi,0.2-3,0.2,3,Y,Niskin,WaSOP1,NA,2023-09-07 00:00:00,eDNA freezer bag,,,NA,NA,NA,,NA,NA,NA,NA,NA,NA,NA,NA,EMOBON_ESC68N_Wa_108
EMO BON ESC68N Wa 230906 3um blank,EMOBON metagenome water sample from station ESC68N collected on 2023-09-06 size fraction 3-200um,256318,metagenome,metagenome,seawater [ENVO:00002149]; coastal sea water [ENVO:00002150]; surface water [ENVO:00002042],2023-09-06 00:00:00,ESC68N_Wa_230906,Kristel Berg,NA,no_tide,,2,blank_1,10,fi,3-200,3,200,Y,Niskin,WaSOP1,NA,2023-09-07 00:00:00,eDNA freezer bag,,,NA,NA,NA,,NA,NA,NA,NA,NA,NA,NA,NA,EMOBON_ESC68N_Wa_109
EMO BON ESC68N Wa 230906 0.2um blank,EMOBON metagenome water sample from station ESC68N collected on 2023-09-06 size fraction 0.2-3um,256318,metagenome,metagenome,seawater [ENVO:00002149]; coastal sea water [ENVO:00002150]; surface water [ENVO:00002042],2023-09-06 00:00:00,ESC68N_Wa_230906,Kristel Berg,NA,no_tide,,2,blank_1,10,fi,0.2-3,0.2,3,Y,Niskin,WaSOP1,NA,2023-09-07 00:00:00,eDNA freezer bag,,,NA,NA,NA,,NA,NA,NA,NA,NA,NA,NA,NA,EMOBON_ESC68N_Wa_110
EMO BON ESC68N Wa 231031 3um 1,EMOBON metagenome water sample from station ESC68N collected on 2023-10-31 size fraction 3-200um,1874687,marine plankton metagenome,metagenome,seawater [ENVO:00002149]; coastal sea water [ENVO:00002150]; surface water [ENVO:00002042],2023-10-31 00:00:00,ESC68N_Wa_231031,Kristel Berg,NA,no_tide,,2,1,10,fi,3-200,3,200,Y,Niskin,WaSOP1,NA,2023-11-01 00:00:00,eDNA freezer bag,,,NA,NA,NA,,to ship,,,,,NA,NA,NA,EMOBON_ESC68N_Wa_111
EMO BON ESC68N Wa 231031 3um 2,EMOBON metagenome water sample from station ESC68N collected on 2023-10-31 size fraction 3-200um,1874687,marine plankton metagenome,metagenome,seawater [ENVO:00002149]; coastal sea water [ENVO:00002150]; surface water [ENVO:00002042],2023-10-31 00:00:00,ESC68N_Wa_231031,Kristel Berg,NA,no_tide,,2,2,10,fi,3-200,3,200,Y,Niskin,WaSOP1,NA,2023-11-01 00:00:00,eDNA freezer bag,,,NA,NA,NA,,to ship,,,,,NA,NA,NA,EMOBON_ESC68N_Wa_112
EMO BON ESC68N Wa 231031 0.2um 1,EMOBON metagenome water sample from station ESC68N collected on 2023-10-31 size fraction 0.2-3um,1874687,marine plankton metagenome,metagenome,seawater [ENVO:00002149]; coastal sea water [ENVO:00002150]; surface water [ENVO:00002042],2023-10-31 00:00:00,ESC68N_Wa_231031,Kristel Berg,NA,no_tide,,2,1,10,fi,0.2-3,0.2,3,Y,Niskin,WaSOP1,NA,2023-11-01 00:00:00,eDNA freezer bag,,,NA,NA,NA,,to ship,,,,,NA,NA,NA,EMOBON_ESC68N_Wa_113
EMO BON ESC68N Wa 231031 0.2um 2,EMOBON metagenome water sample from station ESC68N collected on 2023-10-31 size fraction 0.2-3um,1874687,marine plankton metagenome,metagenome,seawater [ENVO:00002149]; coastal sea water [ENVO:00002150]; surface water [ENVO:00002042],2023-10-31 00:00:00,ESC68N_Wa_231031,Kristel Berg,NA,no_tide,,2,2,10,fi,0.2-3,0.2,3,Y,Niskin,WaSOP1,NA,2023-11-01 00:00:00,eDNA freezer bag,,,NA,NA,NA,,to ship,,,,,NA,NA,NA,EMOBON_ESC68N_Wa_114
EMO BON ESC68N Wa 231031 3um 3,EMOBON metagenome water sample from station ESC68N collected on 2023-10-31 size fraction 3-200um,1874687,marine plankton metagenome,metagenome,seawater [ENVO:00002149]; coastal sea water [ENVO:00002150]; surface water [ENVO:00002042],2023-10-31 00:00:00,ESC68N_Wa_231031,Kristel Berg,NA,no_tide,,2,3,10,fi,3-200,3,200,Y,Niskin,WaSOP1,NA,2023-11-01 00:00:00,eDNA freezer bag,,,NA,NA,NA,,,,,,,NA,NA,NA,EMOBON_ESC68N_Wa_115
EMO BON ESC68N Wa 231031 3um 4,EMOBON metagenome water sample from station ESC68N collected on 2023-10-31 size fraction 3-200um,1874687,marine plankton metagenome,metagenome,seawater [ENVO:00002149]; coastal sea water [ENVO:00002150]; surface water [ENVO:00002042],2023-10-31 00:00:00,ESC68N_Wa_231031,Kristel Berg,NA,no_tide,,2,4,10,fi,3-200,3,200,Y,Niskin,WaSOP1,NA,2023-11-01 00:00:00,eDNA freezer bag,,,NA,NA,NA,,,,,,,NA,NA,NA,EMOBON_ESC68N_Wa_116
EMO BON ESC68N Wa 231031 0.2um 3,EMOBON metagenome water sample from station ESC68N collected on 2023-10-31 size fraction 0.2-3um,1874687,marine plankton metagenome,metagenome,seawater [ENVO:00002149]; coastal sea water [ENVO:00002150]; surface water [ENVO:00002042],2023-10-31 00:00:00,ESC68N_Wa_231031,Kristel Berg,NA,no_tide,,2,3,10,fi,0.2-3,0.2,3,Y,Niskin,WaSOP1,NA,2023-11-01 00:00:00,eDNA freezer bag,,,NA,NA,NA,,,,,,,NA,NA,NA,EMOBON_ESC68N_Wa_117
EMO BON ESC68N Wa 231031 0.2um 4,EMOBON metagenome water sample from station ESC68N collected on 2023-10-31 size fraction 0.2-3um,1874687,marine plankton metagenome,metagenome,seawater [ENVO:00002149]; coastal sea water [ENVO:00002150]; surface water [ENVO:00002042],2023-10-31 00:00:00,ESC68N_Wa_231031,Kristel Berg,NA,no_tide,,2,4,10,fi,0.2-3,0.2,3,Y,Niskin,WaSOP1,NA,2023-11-01 00:00:00,eDNA freezer bag,,,NA,NA,NA,,,,,,,NA,NA,NA,EMOBON_ESC68N_Wa_118
EMO BON ESC68N Wa 231031 3um blank,EMOBON metagenome water sample from station ESC68N collected on 2023-10-31 size fraction 3-200um,256318,metagenome,metagenome,seawater [ENVO:00002149]; coastal sea water [ENVO:00002150]; surface water [ENVO:00002042],2023-10-31 00:00:00,ESC68N_Wa_231031,Kristel Berg,NA,no_tide,,2,blank_1,10,fi,3-200,3,200,Y,Niskin,WaSOP1,NA,2023-11-01 00:00:00,eDNA freezer bag,,,NA,NA,NA,,,,,,,NA,NA,NA,EMOBON_ESC68N_Wa_119
EMO BON ESC68N Wa 231031 0.2um blank,EMOBON metagenome water sample from station ESC68N collected on 2023-10-31 size fraction 0.2-3um,256318,metagenome,metagenome,seawater [ENVO:00002149]; coastal sea water [ENVO:00002150]; surface water [ENVO:00002042],2023-10-31 00:00:00,ESC68N_Wa_231031,Kristel Berg,NA,no_tide,,2,blank_1,10,fi,0.2-3,0.2,3,Y,Niskin,WaSOP1,NA,2023-11-01 00:00:00,eDNA freezer bag,,,NA,NA,NA,,,,,,,NA,NA,NA,EMOBON_ESC68N_Wa_120
EMO BON ESC68N Wa 240102 3um 1,EMOBON metagenome water sample from station ESC68N collected on 2024-01-02 size fraction 3-200um,1874687,marine plankton metagenome,metagenome,seawater [ENVO:00002149]; coastal sea water [ENVO:00002150]; surface water [ENVO:00002042],2024-01-02 00:00:00,ESC68N_Wa_240102,Kristel Berg,NA,no_tide,,2,1,10,fi,3-200,3,200,Y,Niskin,WaSOP1,NA,2024-01-03 00:00:00,eDNA freezer bag,,,NA,NA,NA,,to ship,,,,,NA,NA,NA,EMOBON_ESC68N_Wa_121
EMO BON ESC68N Wa 240102 3um 2,EMOBON metagenome water sample from station ESC68N collected on 2024-01-02 size fraction 3-200um,1874687,marine plankton metagenome,metagenome,seawater [ENVO:00002149]; coastal sea water [ENVO:00002150]; surface water [ENVO:00002042],2024-01-02 00:00:00,ESC68N_Wa_240102,Kristel Berg,NA,no_tide,,2,2,10,fi,3-200,3,200,Y,Niskin,WaSOP1,NA,2024-01-03 00:00:00,eDNA freezer bag,,,NA,NA,NA,,to ship,,,,,NA,NA,NA,EMOBON_ESC68N_Wa_122
EMO BON ESC68N Wa 240102 0.2um 1,EMOBON metagenome water sample from station ESC68N collected on 2024-01-02 size fraction 0.2-3um,1874687,marine plankton metagenome,metagenome,seawater [ENVO:00002149]; coastal sea water [ENVO:00002150]; surface water [ENVO:00002042],2024-01-02 00:00:00,ESC68N_Wa_240102,Kristel Berg,NA,no_tide,,2,1,10,fi,0.2-3,0.2,3,Y,Niskin,WaSOP1,NA,2024-01-03 00:00:00,eDNA freezer bag,,,NA,NA,NA,,to ship,,,,,NA,NA,NA,EMOBON_ESC68N_Wa_123
EMO BON ESC68N Wa 240102 0.2um 2,EMOBON metagenome water sample from station ESC68N collected on 2024-01-02 size fraction 0.2-3um,1874687,marine plankton metagenome,metagenome,seawater [ENVO:00002149]; coastal sea water [ENVO:00002150]; surface water [ENVO:00002042],2024-01-02 00:00:00,ESC68N_Wa_240102,Kristel Berg,NA,no_tide,,2,2,10,fi,0.2-3,0.2,3,Y,Niskin,WaSOP1,NA,2024-01-03 00:00:00,eDNA freezer bag,,,NA,NA,NA,,to ship,,,,,NA,NA,NA,EMOBON_ESC68N_Wa_124
EMO BON ESC68N Wa 240102 3um 3,EMOBON metagenome water sample from station ESC68N collected on 2024-01-02 size fraction 3-200um,1874687,marine plankton metagenome,metagenome,seawater [ENVO:00002149]; coastal sea water [ENVO:00002150]; surface water [ENVO:00002042],2024-01-02 00:00:00,ESC68N_Wa_240102,Kristel Berg,NA,no_tide,,2,3,10,fi,3-200,3,200,Y,Niskin,WaSOP1,NA,2024-01-03 00:00:00,eDNA freezer bag,,,NA,NA,NA,,,,,,,NA,NA,NA,EMOBON_ESC68N_Wa_125
EMO BON ESC68N Wa 240102 3um 4,EMOBON metagenome water sample from station ESC68N collected on 2024-01-02 size fraction 3-200um,1874687,marine plankton metagenome,metagenome,seawater [ENVO:00002149]; coastal sea water [ENVO:00002150]; surface water [ENVO:00002042],2024-01-02 00:00:00,ESC68N_Wa_240102,Kristel Berg,NA,no_tide,,2,4,10,fi,3-200,3,200,Y,Niskin,WaSOP1,NA,2024-01-03 00:00:00,eDNA freezer bag,,,NA,NA,NA,,,,,,,NA,NA,NA,EMOBON_ESC68N_Wa_126
EMO BON ESC68N Wa 240102 0.2um 3,EMOBON metagenome water sample from station ESC68N collected on 2024-01-02 size fraction 0.2-3um,1874687,marine plankton metagenome,metagenome,seawater [ENVO:00002149]; coastal sea water [ENVO:00002150]; surface water [ENVO:00002042],2024-01-02 00:00:00,ESC68N_Wa_240102,Kristel Berg,NA,no_tide,,2,3,10,fi,0.2-3,0.2,3,Y,Niskin,WaSOP1,NA,2024-01-03 00:00:00,eDNA freezer bag,,,NA,NA,NA,,,,,,,NA,NA,NA,EMOBON_ESC68N_Wa_127
EMO BON ESC68N Wa 240102 0.2um 4,EMOBON metagenome water sample from station ESC68N collected on 2024-01-02 size fraction 0.2-3um,1874687,marine plankton metagenome,metagenome,seawater [ENVO:00002149]; coastal sea water [ENVO:00002150]; surface water [ENVO:00002042],2024-01-02 00:00:00,ESC68N_Wa_240102,Kristel Berg,NA,no_tide,,2,4,10,fi,0.2-3,0.2,3,Y,Niskin,WaSOP1,NA,2024-01-03 00:00:00,eDNA freezer bag,,,NA,NA,NA,,,,,,,NA,NA,NA,EMOBON_ESC68N_Wa_128
EMO BON ESC68N Wa 240102 3um blank,EMOBON metagenome water sample from station ESC68N collected on 2024-01-02 size fraction 3-200um,256318,metagenome,metagenome,seawater [ENVO:00002149]; coastal sea water [ENVO:00002150]; surface water [ENVO:00002042],2024-01-02 00:00:00,ESC68N_Wa_240102,Kristel Berg,NA,no_tide,,2,blank_1,10,fi,3-200,3,200,Y,Niskin,WaSOP1,NA,2024-01-03 00:00:00,eDNA freezer bag,,,NA,NA,NA,,to ship,,,,,NA,NA,NA,EMOBON_ESC68N_Wa_129
EMO BON ESC68N Wa 240102 0.2um blank,EMOBON metagenome water sample from station ESC68N collected on 2024-01-02 size fraction 0.2-3um,256318,metagenome,metagenome,seawater [ENVO:00002149]; coastal sea water [ENVO:00002150]; surface water [ENVO:00002042],2024-01-02 00:00:00,ESC68N_Wa_240102,Kristel Berg,NA,no_tide,,2,blank_1,10,fi,0.2-3,0.2,3,Y,Niskin,WaSOP1,NA,2024-01-03 00:00:00,eDNA freezer bag,,,NA,NA,NA,,to ship,,,,,NA,NA,NA,EMOBON_ESC68N_Wa_130
EMO BON ESC68N Wa 240414 3um 1,EMOBON metagenome water sample from station ESC68N collected on 2024-04-14 size fraction 3-200um,1874687,marine plankton metagenome,metagenome,seawater [ENVO:00002149]; coastal sea water [ENVO:00002150]; surface water [ENVO:00002042],2024-04-14 00:00:00,ESC68N_Wa_240414,Kristel Berg,NA,no_tide,,2,1,10,fi,3-200,3,200,Y,Niskin,WaSOP1,NA,2024-04-15 00:00:00,eDNA freezer bag,,,NA,NA,NA,,to ship,,,,,NA,NA,NA,EMOBON_ESC68N_Wa_131
EMO BON ESC68N Wa 240414  3um 2,EMOBON metagenome water sample from station ESC68N collected on 2024-04-14 size fraction 3-200um,1874687,marine plankton metagenome,metagenome,seawater [ENVO:00002149]; coastal sea water [ENVO:00002150]; surface water [ENVO:00002042],2024-04-14 00:00:00,ESC68N_Wa_240414,Kristel Berg,NA,no_tide,,2,2,10,fi,3-200,3,200,Y,Niskin,WaSOP1,NA,2024-04-15 00:00:00,eDNA freezer bag,,,NA,NA,NA,,to ship,,,,,NA,NA,NA,EMOBON_ESC68N_Wa_132
EMO BON ESC68N Wa 240414  0.2um 1,EMOBON metagenome water sample from station ESC68N collected on 2024-04-14 size fraction 0.2-3um,1874687,marine plankton metagenome,metagenome,seawater [ENVO:00002149]; coastal sea water [ENVO:00002150]; surface water [ENVO:00002042],2024-04-14 00:00:00,ESC68N_Wa_240414,Kristel Berg,NA,no_tide,,2,1,10,fi,0.2-3,0.2,3,Y,Niskin,WaSOP1,NA,2024-04-15 00:00:00,eDNA freezer bag,,,NA,NA,NA,,to ship,,,,,NA,NA,NA,EMOBON_ESC68N_Wa_133
EMO BON ESC68N Wa 240414  0.2um 2,EMOBON metagenome water sample from station ESC68N collected on 2024-04-14 size fraction 0.2-3um,1874687,marine plankton metagenome,metagenome,seawater [ENVO:00002149]; coastal sea water [ENVO:00002150]; surface water [ENVO:00002042],2024-04-14 00:00:00,ESC68N_Wa_240414,Kristel Berg,NA,no_tide,,2,2,10,fi,0.2-3,0.2,3,Y,Niskin,WaSOP1,NA,2024-04-15 00:00:00,eDNA freezer bag,,,NA,NA,NA,,to ship,,,,,NA,NA,NA,EMOBON_ESC68N_Wa_134
EMO BON ESC68N Wa 240414  3um 3,EMOBON metagenome water sample from station ESC68N collected on 2024-04-14 size fraction 3-200um,1874687,marine plankton metagenome,metagenome,seawater [ENVO:00002149]; coastal sea water [ENVO:00002150]; surface water [ENVO:00002042],2024-04-14 00:00:00,ESC68N_Wa_240414,Kristel Berg,NA,no_tide,,2,3,10,fi,3-200,3,200,Y,Niskin,WaSOP1,NA,2024-04-15 00:00:00,eDNA freezer bag,,,NA,NA,NA,,,,,,,NA,NA,NA,EMOBON_ESC68N_Wa_135
EMO BON ESC68N Wa 240414  3um 4,EMOBON metagenome water sample from station ESC68N collected on 2024-04-14 size fraction 3-200um,1874687,marine plankton metagenome,metagenome,seawater [ENVO:00002149]; coastal sea water [ENVO:00002150]; surface water [ENVO:00002042],2024-04-14 00:00:00,ESC68N_Wa_240414,Kristel Berg,NA,no_tide,,2,4,10,fi,3-200,3,200,Y,Niskin,WaSOP1,NA,2024-04-15 00:00:00,eDNA freezer bag,,,NA,NA,NA,,,,,,,NA,NA,NA,EMOBON_ESC68N_Wa_136
EMO BON ESC68N Wa 240414  0.2um 3,EMOBON metagenome water sample from station ESC68N collected on 2024-04-14 size fraction 0.2-3um,1874687,marine plankton metagenome,metagenome,seawater [ENVO:00002149]; coastal sea water [ENVO:00002150]; surface water [ENVO:00002042],2024-04-14 00:00:00,ESC68N_Wa_240414,Kristel Berg,NA,no_tide,,2,3,10,fi,0.2-3,0.2,3,Y,Niskin,WaSOP1,NA,2024-04-15 00:00:00,eDNA freezer bag,,,NA,NA,NA,,,,,,,NA,NA,NA,EMOBON_ESC68N_Wa_137
EMO BON ESC68N Wa 240414  0.2um 4,EMOBON metagenome water sample from station ESC68N collected on 2024-04-14 size fraction 0.2-3um,1874687,marine plankton metagenome,metagenome,seawater [ENVO:00002149]; coastal sea water [ENVO:00002150]; surface water [ENVO:00002042],2024-04-14 00:00:00,ESC68N_Wa_240414,Kristel Berg,NA,no_tide,,2,4,10,fi,0.2-3,0.2,3,Y,Niskin,WaSOP1,NA,2024-04-15 00:00:00,eDNA freezer bag,,,NA,NA,NA,,,,,,,NA,NA,NA,EMOBON_ESC68N_Wa_138
EMO BON ESC68N Wa 240414  3um blank,EMOBON metagenome water sample from station ESC68N collected on 2024-04-14 size fraction 3-200um,256318,metagenome,metagenome,seawater [ENVO:00002149]; coastal sea water [ENVO:00002150]; surface water [ENVO:00002042],2024-04-14 00:00:00,ESC68N_Wa_240414,Kristel Berg,NA,no_tide,,2,blank_1,10,fi,3-200,3,200,Y,Niskin,WaSOP1,NA,2024-04-15 00:00:00,eDNA freezer bag,,,NA,NA,NA,,,,,,,NA,NA,NA,EMOBON_ESC68N_Wa_139
EMO BON ESC68N Wa 240414 0.2um blank,EMOBON metagenome water sample from station ESC68N collected on 2024-04-14 size fraction 0.2-3um,256318,metagenome,metagenome,seawater [ENVO:00002149]; coastal sea water [ENVO:00002150]; surface water [ENVO:00002042],2024-04-14 00:00:00,ESC68N_Wa_240414,Kristel Berg,NA,no_tide,,2,blank_1,10,fi,0.2-3,0.2,3,Y,Niskin,WaSOP1,NA,2024-04-15 00:00:00,eDNA freezer bag,,,NA,NA,NA,,,,,,,NA,NA,NA,EMOBON_ESC68N_Wa_140
EMO BON ESC68N Wa 240502 3um 1,EMOBON metagenome water sample from station ESC68N collected on 2024-05-02 size fraction 3-200um,1874687,marine plankton metagenome,metagenome,seawater [ENVO:00002149]; coastal sea water [ENVO:00002150]; surface water [ENVO:00002042],2024-05-02 00:00:00,ESC68N_Wa_240502,Kristel Berg,NA,no_tide,,2,1,10,fi,3-200,3,200,Y,Niskin,WaSOP1,NA,2024-05-05 00:00:00,eDNA freezer bag,,,NA,NA,NA,,to ship,,,,,NA,NA,NA,EMOBON_ESC68N_Wa_141
EMO BON ESC68N Wa 240502  3um 2,EMOBON metagenome water sample from station ESC68N collected on 2024-05-05 size fraction 3-200um,1874687,marine plankton metagenome,metagenome,seawater [ENVO:00002149]; coastal sea water [ENVO:00002150]; surface water [ENVO:00002042],2024-05-05 00:00:00,ESC68N_Wa_2400502,Kristel Berg,NA,no_tide,,2,2,10,fi,3-200,3,200,Y,Niskin,WaSOP1,NA,2024-05-05 00:00:00,eDNA freezer bag,,,NA,NA,NA,,to ship,,,,,NA,NA,NA,EMOBON_ESC68N_Wa_142
EMO BON ESC68N Wa 240502  0.2um 1,EMOBON metagenome water sample from station ESC68N collected on 2024-05-05 size fraction 0.2-3um,1874687,marine plankton metagenome,metagenome,seawater [ENVO:00002149]; coastal sea water [ENVO:00002150]; surface water [ENVO:00002042],2024-05-05 00:00:00,ESC68N_Wa_240502,Kristel Berg,NA,no_tide,,2,1,10,fi,0.2-3,0.2,3,Y,Niskin,WaSOP1,NA,2024-05-05 00:00:00,eDNA freezer bag,,,NA,NA,NA,,to ship,,,,,NA,NA,NA,EMOBON_ESC68N_Wa_143
EMO BON ESC68N Wa 240502  0.2um 2,EMOBON metagenome water sample from station ESC68N collected on 2024-05-02 size fraction 0.2-3um,1874687,marine plankton metagenome,metagenome,seawater [ENVO:00002149]; coastal sea water [ENVO:00002150]; surface water [ENVO:00002042],2024-05-02 00:00:00,ESC68N_Wa_240502,Kristel Berg,NA,no_tide,,2,2,10,fi,0.2-3,0.2,3,Y,Niskin,WaSOP1,NA,2024-05-05 00:00:00,eDNA freezer bag,,,NA,NA,NA,,to ship,,,,,NA,NA,NA,EMOBON_ESC68N_Wa_144
EMO BON ESC68N Wa 240502  3um 3,EMOBON metagenome water sample from station ESC68N collected on 2024-05-05 size fraction 3-200um,1874687,marine plankton metagenome,metagenome,seawater [ENVO:00002149]; coastal sea water [ENVO:00002150]; surface water [ENVO:00002042],2024-05-05 00:00:00,ESC68N_Wa_240502,Kristel Berg,NA,no_tide,,2,3,10,fi,3-200,3,200,Y,Niskin,WaSOP1,NA,2024-05-05 00:00:00,eDNA freezer bag,,,NA,NA,NA,,,,,,,NA,NA,NA,EMOBON_ESC68N_Wa_145
EMO BON ESC68N Wa 240502  3um 4,EMOBON metagenome water sample from station ESC68N collected on 2024-05-05 size fraction 3-200um,1874687,marine plankton metagenome,metagenome,seawater [ENVO:00002149]; coastal sea water [ENVO:00002150]; surface water [ENVO:00002042],2024-05-05 00:00:00,ESC68N_Wa_240502,Kristel Berg,NA,no_tide,,2,4,10,fi,3-200,3,200,Y,Niskin,WaSOP1,NA,2024-05-05 00:00:00,eDNA freezer bag,,,NA,NA,NA,,,,,,,NA,NA,NA,EMOBON_ESC68N_Wa_146
EMO BON ESC68N Wa 240502  0.2um 3,EMOBON metagenome water sample from station ESC68N collected on 2024-05-02 size fraction 0.2-3um,1874687,marine plankton metagenome,metagenome,seawater [ENVO:00002149]; coastal sea water [ENVO:00002150]; surface water [ENVO:00002042],2024-05-02 00:00:00,ESC68N_Wa_240502,Kristel Berg,NA,no_tide,,2,3,10,fi,0.2-3,0.2,3,Y,Niskin,WaSOP1,NA,2024-05-05 00:00:00,eDNA freezer bag,,,NA,NA,NA,,,,,,,NA,NA,NA,EMOBON_ESC68N_Wa_147
EMO BON ESC68N Wa 240502  0.2um 4,EMOBON metagenome water sample from station ESC68N collected on 2024-05-05 size fraction 0.2-3um,1874687,marine plankton metagenome,metagenome,seawater [ENVO:00002149]; coastal sea water [ENVO:00002150]; surface water [ENVO:00002042],2024-05-05 00:00:00,ESC68N_Wa_240502,Kristel Berg,NA,no_tide,,2,4,10,fi,0.2-3,0.2,3,Y,Niskin,WaSOP1,NA,2024-05-05 00:00:00,eDNA freezer bag,,,NA,NA,NA,,,,,,,NA,NA,NA,EMOBON_ESC68N_Wa_148
EMO BON ESC68N Wa 240502  3um blank,EMOBON metagenome water sample from station ESC68N collected on 2024-05-02 size fraction 3-200um,256318,metagenome,metagenome,seawater [ENVO:00002149]; coastal sea water [ENVO:00002150]; surface water [ENVO:00002042],2024-05-02 00:00:00,ESC68N_Wa_240502,Kristel Berg,NA,no_tide,,2,blank_1,10,fi,3-200,3,200,Y,Niskin,WaSOP1,NA,2024-05-05 00:00:00,eDNA freezer bag,,,NA,NA,NA,,,,,,,NA,NA,NA,EMOBON_ESC68N_Wa_149
EMO BON ESC68N Wa 240502 0.2um blank,EMOBON metagenome water sample from station ESC68N collected on 2024-05-05 size fraction 0.2-3um,256318,metagenome,metagenome,seawater [ENVO:00002149]; coastal sea water [ENVO:00002150]; surface water [ENVO:00002042],2024-05-05 00:00:00,ESC68N_Wa_240502,Kristel Berg,NA,no_tide,,2,blank_1,10,fi,0.2-3,0.2,3,Y,Niskin,WaSOP1,NA,2024-05-05 00:00:00,eDNA freezer bag,,,NA,NA,NA,,,,,,,NA,NA,NA,EMOBON_ESC68N_Wa_150
EMO BON ESC68N Wa 240704 3um 1,EMOBON metagenome water sample from station ESC68N collected on 2024-07-04 size fraction 3-200um,1874687,marine plankton metagenome,metagenome,seawater [ENVO:00002149]; coastal sea water [ENVO:00002150]; surface water [ENVO:00002042],2024-07-04 00:00:00,ESC68N_Wa_240704,Kristel Berg,NA,no_tide,,2,1,10,fi,3-200,3,200,Y,Niskin,WaSOP1,NA,2024-07-04 00:00:00,eDNA freezer bag,,,NA,NA,NA,,to ship,,,,,NA,NA,NA,EMOBON_ESC68N_Wa_151
EMO BON ESC68N Wa 240704  3um 2,EMOBON metagenome water sample from station ESC68N collected on 2024-07-04 size fraction 3-200um,1874687,marine plankton metagenome,metagenome,seawater [ENVO:00002149]; coastal sea water [ENVO:00002150]; surface water [ENVO:00002042],2024-07-04 00:00:00,ESC68N_Wa_240704,Kristel Berg,NA,no_tide,,2,2,10,fi,3-200,3,200,Y,Niskin,WaSOP1,NA,2024-07-04 00:00:00,eDNA freezer bag,,,NA,NA,NA,,to ship,,,,,NA,NA,NA,EMOBON_ESC68N_Wa_152
EMO BON ESC68N Wa 240704  0.2um 1,EMOBON metagenome water sample from station ESC68N collected on 2024-07-04 size fraction 0.2-3um,1874687,marine plankton metagenome,metagenome,seawater [ENVO:00002149]; coastal sea water [ENVO:00002150]; surface water [ENVO:00002042],2024-07-04 00:00:00,ESC68N_Wa_240704,Kristel Berg,NA,no_tide,,2,1,10,fi,0.2-3,0.2,3,Y,Niskin,WaSOP1,NA,2024-07-04 00:00:00,eDNA freezer bag,,,NA,NA,NA,,to ship,,,,,NA,NA,NA,EMOBON_ESC68N_Wa_153
EMO BON ESC68N Wa 240704  0.2um 2,EMOBON metagenome water sample from station ESC68N collected on 2024-07-04 size fraction 0.2-3um,1874687,marine plankton metagenome,metagenome,seawater [ENVO:00002149]; coastal sea water [ENVO:00002150]; surface water [ENVO:00002042],2024-07-04 00:00:00,ESC68N_Wa_240504,Kristel Berg,NA,no_tide,,2,2,10,fi,0.2-3,0.2,3,Y,Niskin,WaSOP1,NA,2024-07-04 00:00:00,eDNA freezer bag,,,NA,NA,NA,,to ship,,,,,NA,NA,NA,EMOBON_ESC68N_Wa_154
EMO BON ESC68N Wa 240704  3um 3,EMOBON metagenome water sample from station ESC68N collected on 2024-07-04 size fraction 3-200um,1874687,marine plankton metagenome,metagenome,seawater [ENVO:00002149]; coastal sea water [ENVO:00002150]; surface water [ENVO:00002042],2024-07-04 00:00:00,ESC68N_Wa_240504,Kristel Berg,NA,no_tide,,2,3,10,fi,3-200,3,200,Y,Niskin,WaSOP1,NA,2024-07-04 00:00:00,eDNA freezer bag,,,NA,NA,NA,,,,,,,NA,NA,NA,EMOBON_ESC68N_Wa_155
EMO BON ESC68N Wa 240704  3um 4,EMOBON metagenome water sample from station ESC68N collected on 2024-07-04 size fraction 3-200um,1874687,marine plankton metagenome,metagenome,seawater [ENVO:00002149]; coastal sea water [ENVO:00002150]; surface water [ENVO:00002042],2024-07-04 00:00:00,ESC68N_Wa_240504,Kristel Berg,NA,no_tide,,2,4,10,fi,3-200,3,200,Y,Niskin,WaSOP1,NA,2024-07-04 00:00:00,eDNA freezer bag,,,NA,NA,NA,,,,,,,NA,NA,NA,EMOBON_ESC68N_Wa_156
EMO BON ESC68N Wa 240704  0.2um 3,EMOBON metagenome water sample from station ESC68N collected on 2024-07-04 size fraction 0.2-3um,1874687,marine plankton metagenome,metagenome,seawater [ENVO:00002149]; coastal sea water [ENVO:00002150]; surface water [ENVO:00002042],2024-07-04 00:00:00,ESC68N_Wa_240504,Kristel Berg,NA,no_tide,,2,3,10,fi,0.2-3,0.2,3,Y,Niskin,WaSOP1,NA,2024-07-04 00:00:00,eDNA freezer bag,,,NA,NA,NA,,,,,,,NA,NA,NA,EMOBON_ESC68N_Wa_157
EMO BON ESC68N Wa 240704  0.2um 4,EMOBON metagenome water sample from station ESC68N collected on 2024-07-04 size fraction 0.2-3um,1874687,marine plankton metagenome,metagenome,seawater [ENVO:00002149]; coastal sea water [ENVO:00002150]; surface water [ENVO:00002042],2024-07-04 00:00:00,ESC68N_Wa_240504,Kristel Berg,NA,no_tide,,2,4,10,fi,0.2-3,0.2,3,Y,Niskin,WaSOP1,NA,2024-07-04 00:00:00,eDNA freezer bag,,,NA,NA,NA,,,,,,,NA,NA,NA,EMOBON_ESC68N_Wa_158
EMO BON ESC68N Wa 240704  3um blank,EMOBON metagenome water sample from station ESC68N collected on 2024-07-04 size fraction 3-200um,256318,metagenome,metagenome,seawater [ENVO:00002149]; coastal sea water [ENVO:00002150]; surface water [ENVO:00002042],2024-07-04 00:00:00,ESC68N_Wa_240504,Kristel Berg,NA,no_tide,,2,blank_1,10,fi,3-200,3,200,Y,Niskin,WaSOP1,NA,2024-07-04 00:00:00,eDNA freezer bag,,,NA,NA,NA,,to ship,,,,,NA,NA,NA,EMOBON_ESC68N_Wa_159
EMO BON ESC68N Wa 240704 0.2um blank,EMOBON metagenome water sample from station ESC68N collected on 2024-07-04 size fraction 0.2-3um,256318,metagenome,metagenome,seawater [ENVO:00002149]; coastal sea water [ENVO:00002150]; surface water [ENVO:00002042],2024-07-04 00:00:00,ESC68N_Wa_240504,Kristel Berg,NA,no_tide,,2,blank_1,10,fi,0.2-3,0.2,3,Y,Niskin,WaSOP1,NA,2024-07-04 00:00:00,eDNA freezer bag,,,NA,NA,NA,,to ship,,,,,NA,NA,NA,EMOBON_ESC68N_Wa_160
EMO BON ESC68N Wa 240829 3um 1,EMOBON metagenome water sample from station ESC68N collected on 2024-07-04 size fraction 3-200um,1874687,marine plankton metagenome,metagenome,seawater [ENVO:00002149]; coastal sea water [ENVO:00002150]; surface water [ENVO:00002042],2024-07-04 00:00:00,ESC68N_Wa_240704,Kristel Berg,NA,no_tide,,2,1,10,fi,3-200,3,200,Y,Niskin,WaSOP1,NA,2024-07-04 00:00:00,eDNA freezer bag,,,NA,NA,NA,,to ship,,,,,NA,NA,NA,EMOBON_ESC68N_Wa_161
EMO BON ESC68N Wa 240829  3um 2,EMOBON metagenome water sample from station ESC68N collected on 2024-07-04 size fraction 3-200um,1874687,marine plankton metagenome,metagenome,seawater [ENVO:00002149]; coastal sea water [ENVO:00002150]; surface water [ENVO:00002042],2024-07-04 00:00:00,ESC68N_Wa_240704,Kristel Berg,NA,no_tide,,2,2,10,fi,3-200,3,200,Y,Niskin,WaSOP1,NA,2024-07-04 00:00:00,eDNA freezer bag,,,NA,NA,NA,,to ship,,,,,NA,NA,NA,EMOBON_ESC68N_Wa_162
EMO BON ESC68N Wa 240829  0.2um 1,EMOBON metagenome water sample from station ESC68N collected on 2024-07-04 size fraction 0.2-3um,1874687,marine plankton metagenome,metagenome,seawater [ENVO:00002149]; coastal sea water [ENVO:00002150]; surface water [ENVO:00002042],2024-07-04 00:00:00,ESC68N_Wa_240704,Kristel Berg,NA,no_tide,,2,1,10,fi,0.2-3,0.2,3,Y,Niskin,WaSOP1,NA,2024-07-04 00:00:00,eDNA freezer bag,,,NA,NA,NA,,to ship,,,,,NA,NA,NA,EMOBON_ESC68N_Wa_163
EMO BON ESC68N Wa 240829  0.2um 2,EMOBON metagenome water sample from station ESC68N collected on 2024-07-04 size fraction 0.2-3um,1874687,marine plankton metagenome,metagenome,seawater [ENVO:00002149]; coastal sea water [ENVO:00002150]; surface water [ENVO:00002042],2024-07-04 00:00:00,ESC68N_Wa_240504,Kristel Berg,NA,no_tide,,2,2,10,fi,0.2-3,0.2,3,Y,Niskin,WaSOP1,NA,2024-07-04 00:00:00,eDNA freezer bag,,,NA,NA,NA,,to ship,,,,,NA,NA,NA,EMOBON_ESC68N_Wa_164
EMO BON ESC68N Wa 240829  3um 3,EMOBON metagenome water sample from station ESC68N collected on 2024-07-04 size fraction 3-200um,1874687,marine plankton metagenome,metagenome,seawater [ENVO:00002149]; coastal sea water [ENVO:00002150]; surface water [ENVO:00002042],2024-07-04 00:00:00,ESC68N_Wa_240504,Kristel Berg,NA,no_tide,,2,3,10,fi,3-200,3,200,Y,Niskin,WaSOP1,NA,2024-07-04 00:00:00,eDNA freezer bag,,,NA,NA,NA,,,,,,,NA,NA,NA,EMOBON_ESC68N_Wa_165
EMO BON ESC68N Wa 240829  3um 4,EMOBON metagenome water sample from station ESC68N collected on 2024-07-04 size fraction 3-200um,1874687,marine plankton metagenome,metagenome,seawater [ENVO:00002149]; coastal sea water [ENVO:00002150]; surface water [ENVO:00002042],2024-07-04 00:00:00,ESC68N_Wa_240504,Kristel Berg,NA,no_tide,,2,4,10,fi,3-200,3,200,Y,Niskin,WaSOP1,NA,2024-07-04 00:00:00,eDNA freezer bag,,,NA,NA,NA,,,,,,,NA,NA,NA,EMOBON_ESC68N_Wa_166
EMO BON ESC68N Wa 240829  0.2um 3,EMOBON metagenome water sample from station ESC68N collected on 2024-07-04 size fraction 0.2-3um,1874687,marine plankton metagenome,metagenome,seawater [ENVO:00002149]; coastal sea water [ENVO:00002150]; surface water [ENVO:00002042],2024-07-04 00:00:00,ESC68N_Wa_240504,Kristel Berg,NA,no_tide,,2,3,10,fi,0.2-3,0.2,3,Y,Niskin,WaSOP1,NA,2024-07-04 00:00:00,eDNA freezer bag,,,NA,NA,NA,,,,,,,NA,NA,NA,EMOBON_ESC68N_Wa_167
EMO BON ESC68N Wa 240829  0.2um 4,EMOBON metagenome water sample from station ESC68N collected on 2024-07-04 size fraction 0.2-3um,1874687,marine plankton metagenome,metagenome,seawater [ENVO:00002149]; coastal sea water [ENVO:00002150]; surface water [ENVO:00002042],2024-07-04 00:00:00,ESC68N_Wa_240504,Kristel Berg,NA,no_tide,,2,4,10,fi,0.2-3,0.2,3,Y,Niskin,WaSOP1,NA,2024-07-04 00:00:00,eDNA freezer bag,,,NA,NA,NA,,,,,,,NA,NA,NA,EMOBON_ESC68N_Wa_168
EMO BON ESC68N Wa 240829  3um blank,EMOBON metagenome water sample from station ESC68N collected on 2024-07-04 size fraction 3-200um,256318,metagenome,metagenome,seawater [ENVO:00002149]; coastal sea water [ENVO:00002150]; surface water [ENVO:00002042],2024-07-04 00:00:00,ESC68N_Wa_240504,Kristel Berg,NA,no_tide,,2,blank_1,10,fi,3-200,3,200,Y,Niskin,WaSOP1,NA,2024-07-04 00:00:00,eDNA freezer bag,,,NA,NA,NA,,,,,,,NA,NA,NA,EMOBON_ESC68N_Wa_169
EMO BON ESC68N Wa 240829 0.2um blank,EMOBON metagenome water sample from station ESC68N collected on 2024-07-04 size fraction 0.2-3um,256318,metagenome,metagenome,seawater [ENVO:00002149]; coastal sea water [ENVO:00002150]; surface water [ENVO:00002042],2024-07-04 00:00:00,ESC68N_Wa_240504,Kristel Berg,NA,no_tide,,2,blank_1,10,fi,0.2-3,0.2,3,Y,Niskin,WaSOP1,NA,2024-07-04 00:00:00,eDNA freezer bag,,,NA,NA,NA,,,,,,,NA,NA,NA,EMOBON_ESC68N_Wa_170
